Date	Price	Open	High	Low	Change %
Jun 28, 2019	6.010	5.990	6.030	5.980	0.33%
Jun 27, 2019	5.990	6.050	6.050	5.990	0.17%
Jun 26, 2019	5.980	5.980	6.000	5.950	0.34%
Jun 25, 2019	5.960	5.950	5.980	5.940	0.17%
Jun 24, 2019	5.950	5.980	5.980	5.950	-0.34%
Jun 21, 2019	5.970	5.970	5.970	5.950	0.34%
Jun 20, 2019	5.950	5.980	5.980	5.940	-0.50%
Jun 19, 2019	5.980	5.980	6.050	5.920	0.00%
Jun 18, 2019	5.980	5.970	5.980	5.940	0.00%
Jun 17, 2019	5.980	5.970	5.980	5.940	0.00%
Jun 14, 2019	5.980	5.960	6.000	5.950	0.50%
Jun 13, 2019	5.950	5.970	5.980	5.940	-0.34%
Jun 12, 2019	5.970	5.950	5.980	5.950	0.00%
Jun 11, 2019	5.970	5.950	6.000	5.940	0.51%
Jun 10, 2019	5.940	5.880	5.950	5.880	0.34%
Jun 07, 2019	5.920	5.880	5.950	5.880	0.68%
Jun 06, 2019	5.880	6.070	6.100	5.880	-3.13%
Jun 04, 2019	6.070	6.050	6.070	6.040	0.33%
Jun 03, 2019	6.050	6.120	6.130	6.050	-1.14%
May 31, 2019	6.120	6.220	6.220	6.090	-1.61%
May 30, 2019	6.220	6.210	6.220	6.180	0.16%
May 29, 2019	6.210	6.230	6.230	6.190	-0.16%
May 28, 2019	6.220	6.250	6.250	6.180	0.32%
May 27, 2019	6.200	6.250	6.260	6.200	-0.80%
May 24, 2019	6.250	6.250	6.280	6.240	-0.48%
May 23, 2019	6.280	6.300	6.330	6.270	-1.10%
May 22, 2019	6.350	6.300	6.350	6.300	0.79%
May 21, 2019	6.300	6.270	6.330	6.270	0.48%
May 20, 2019	6.270	6.270	6.300	6.270	-1.26%
May 17, 2019	6.350	6.370	6.370	6.340	-0.47%
May 16, 2019	6.380	6.380	6.410	6.380	-0.16%
May 15, 2019	6.390	6.430	6.430	6.370	0.16%
May 14, 2019	6.380	6.450	6.450	6.380	-1.09%
May 13, 2019	6.450	6.450	6.460	6.450	0.00%
May 10, 2019	6.450	6.450	6.480	6.440	0.00%
May 09, 2019	6.450	6.470	6.490	6.450	-0.15%
May 08, 2019	6.460	6.430	6.480	6.430	0.16%
May 07, 2019	6.450	6.460	6.460	6.440	-0.15%
May 06, 2019	6.460	6.450	6.460	6.420	-0.15%
May 03, 2019	6.470	6.450	6.470	6.440	-0.31%
May 02, 2019	6.490	6.450	6.500	6.450	1.41%
Apr 30, 2019	6.400	6.380	6.430	6.380	0.16%
Apr 26, 2019	6.390	6.410	6.410	6.390	0.00%
Apr 25, 2019	6.390	6.410	6.410	6.380	0.47%
Apr 24, 2019	6.360	6.350	6.370	6.350	0.16%
Apr 23, 2019	6.350	6.380	6.380	6.340	0.00%
Apr 22, 2019	6.350	6.340	6.350	6.340	0.16%
Apr 18, 2019	6.340	6.340	6.360	6.330	0.00%
Apr 16, 2019	6.340	6.330	6.340	6.310	0.48%
Apr 15, 2019	6.310	6.300	6.330	6.300	0.00%
Apr 12, 2019	6.310	6.300	6.310	6.300	-0.16%
Apr 11, 2019	6.320	6.290	6.320	6.290	1.61%
Apr 10, 2019	6.220	6.210	6.230	6.190	0.32%
Apr 09, 2019	6.200	6.230	6.230	6.200	0.00%
Apr 08, 2019	6.200	6.170	6.230	6.170	-0.16%
Apr 05, 2019	6.210	6.230	6.230	6.200	-0.16%
Apr 04, 2019	6.220	6.200	6.260	6.200	0.00%
Apr 03, 2019	6.220	6.180	6.220	6.150	0.65%
Apr 02, 2019	6.180	6.150	6.190	6.140	0.98%
Mar 29, 2019	6.120	6.220	6.230	6.120	-1.61%
Mar 28, 2019	6.220	6.330	6.330	6.220	-1.11%
Mar 27, 2019	6.290	6.320	6.320	6.270	0.00%
Mar 26, 2019	6.290	6.270	6.300	6.250	0.32%
Mar 25, 2019	6.270	6.310	6.310	6.240	-0.16%
Mar 22, 2019	6.280	6.330	6.330	6.270	-0.48%
Mar 20, 2019	6.310	6.280	6.310	6.280	0.48%
Mar 19, 2019	6.280	6.330	6.340	6.280	-0.79%
Mar 18, 2019	6.330	6.350	6.350	6.300	0.16%
Mar 15, 2019	6.320	6.350	6.350	6.320	-0.32%
Mar 14, 2019	6.340	6.380	6.390	6.330	-1.09%
Mar 13, 2019	6.410	6.380	6.410	6.380	0.00%
Mar 12, 2019	6.410	6.410	6.410	6.380	0.00%
Mar 11, 2019	6.410	6.410	6.430	6.400	0.00%
Mar 08, 2019	6.410	6.410	6.410	6.390	-0.16%
Mar 07, 2019	6.420	6.420	6.430	6.390	0.00%
Mar 06, 2019	6.420	6.420	6.440	6.400	0.31%
Mar 05, 2019	6.400	6.410	6.410	6.390	-0.31%
Mar 01, 2019	6.420	6.420	6.420	6.420	0.00%
Feb 28, 2019	6.420	6.420	6.450	6.410	0.47%
Feb 27, 2019	6.390	6.430	6.450	6.390	-0.16%
Feb 26, 2019	6.400	6.400	6.430	6.380	0.00%
Feb 25, 2019	6.400	6.400	6.430	6.380	-0.47%
Feb 22, 2019	6.430	6.430	6.430	6.400	0.00%
Feb 21, 2019	6.430	6.430	6.480	6.400	0.31%
Feb 20, 2019	6.410	6.370	6.420	6.370	0.16%
Feb 18, 2019	6.400	6.380	6.400	6.370	0.47%
Feb 15, 2019	6.370	6.410	6.410	6.370	-0.47%
Feb 14, 2019	6.400	6.420	6.450	6.380	0.31%
Feb 13, 2019	6.380	6.400	6.400	6.370	-0.47%
Feb 12, 2019	6.410	6.400	6.420	6.390	0.63%
Feb 11, 2019	6.370	6.430	6.430	6.370	-0.16%
Feb 08, 2019	6.380	6.470	6.470	6.340	-1.39%
Feb 07, 2019	6.470	6.580	6.600	6.430	-1.07%
Feb 06, 2019	6.540	6.610	6.610	6.530	-0.46%
Feb 05, 2019	6.570	6.580	6.580	6.550	-0.15%
Feb 04, 2019	6.580	6.580	6.580	6.550	0.46%
Feb 01, 2019	6.550	6.520	6.550	6.520	-0.46%
Jan 31, 2019	6.580	6.580	6.600	6.580	0.15%
Jan 30, 2019	6.570	6.600	6.600	6.530	0.15%
Jan 29, 2019	6.560	6.580	6.580	6.540	-0.15%
Jan 28, 2019	6.570	6.570	6.600	6.560	-0.15%
Jan 25, 2019	6.580	6.590	6.600	6.570	0.15%
Jan 24, 2019	6.570	6.610	6.610	6.560	-0.15%
Jan 23, 2019	6.580	6.560	6.580	6.560	0.30%
Jan 22, 2019	6.560	6.560	6.600	6.540	0.00%
Jan 21, 2019	6.560	6.620	6.620	6.560	-0.61%
Jan 18, 2019	6.600	6.660	6.660	6.580	-0.60%
Jan 17, 2019	6.640	6.660	6.660	6.610	-0.30%
Jan 16, 2019	6.660	6.640	6.660	6.620	0.45%
Jan 15, 2019	6.630	6.630	6.650	6.620	-0.15%
Jan 14, 2019	6.640	6.630	6.640	6.600	0.15%
Jan 11, 2019	6.630	6.630	6.640	6.620	-0.15%
Jan 10, 2019	6.640	6.670	6.700	6.640	0.30%
Jan 09, 2019	6.620	6.660	6.660	6.620	-0.15%
Jan 08, 2019	6.630	6.620	6.650	6.620	0.15%
Jan 07, 2019	6.620	6.580	6.650	6.580	0.15%
Jan 04, 2019	6.610	6.610	6.620	6.590	-0.30%
Jan 03, 2019	6.630	6.670	6.670	6.610	0.76%
Jan 02, 2019	6.580	6.620	6.670	6.580	-1.35%
Jan 01, 2019	6.670	6.670	6.680	6.630	0.00%
Dec 31, 2018	6.670	6.690	6.690	6.660	0.00%
Dec 28, 2018	6.670	6.680	6.680	6.660	0.00%
Dec 27, 2018	6.670	6.670	6.690	6.670	0.15%
Dec 26, 2018	6.660	6.640	6.660	6.640	0.00%
Dec 24, 2018	6.660	6.630	6.670	6.630	0.45%
Dec 21, 2018	6.630	6.630	6.630	6.610	0.00%
Dec 20, 2018	6.630	6.630	6.630	6.620	-0.30%
Dec 19, 2018	6.650	6.690	6.690	6.650	-0.75%
Dec 18, 2018	6.700	6.670	6.700	6.670	-0.15%
Dec 17, 2018	6.710	6.670	6.710	6.670	0.45%
Dec 14, 2018	6.680	6.690	6.720	6.680	-0.30%
Dec 13, 2018	6.700	6.690	6.710	6.690	0.00%
Dec 12, 2018	6.700	6.710	6.710	6.620	-0.15%
Dec 11, 2018	6.710	6.710	6.750	6.680	0.00%
Dec 10, 2018	6.710	6.710	6.720	6.700	0.30%
Dec 07, 2018	6.690	6.730	6.750	6.690	-0.30%
Dec 06, 2018	6.710	6.730	6.740	6.690	-0.15%
Dec 05, 2018	6.720	6.740	6.740	6.700	-0.59%
Dec 04, 2018	6.760	6.780	6.780	6.720	-0.15%
Dec 03, 2018	6.770	6.750	6.770	6.740	0.30%
Nov 30, 2018	6.750	6.800	6.800	6.730	-0.15%
Nov 29, 2018	6.760	6.790	6.790	6.730	0.15%
Nov 28, 2018	6.750	6.810	6.810	6.740	-0.30%
Nov 27, 2018	6.770	6.800	6.800	6.770	-0.59%
Nov 26, 2018	6.810	6.770	6.830	6.770	0.44%
Nov 22, 2018	6.780	6.840	6.840	6.780	-0.73%
Nov 20, 2018	6.830	6.900	6.900	6.820	-0.29%
Nov 19, 2018	6.850	6.850	6.870	6.840	0.44%
Nov 16, 2018	6.820	6.840	6.850	6.800	-0.29%
Nov 15, 2018	6.840	6.880	6.910	6.840	-1.01%
Nov 14, 2018	6.910	6.890	6.920	6.880	-0.29%
Nov 13, 2018	6.930	6.920	6.930	6.890	0.14%
Nov 12, 2018	6.920	6.940	6.940	6.900	-0.43%
Nov 09, 2018	6.950	6.950	6.950	6.920	0.14%
Nov 06, 2018	6.940	6.920	6.940	6.900	0.29%
Nov 05, 2018	6.920	6.920	6.940	6.900	-0.57%
Nov 02, 2018	6.960	6.930	6.960	6.910	0.43%
Nov 01, 2018	6.930	6.950	6.960	6.930	-0.29%
Oct 31, 2018	6.950	6.960	6.980	6.940	-0.14%
Oct 30, 2018	6.960	6.950	6.960	6.940	0.14%
Oct 29, 2018	6.950	7.010	7.010	6.930	0.00%
Oct 26, 2018	6.950	6.950	6.960	6.930	-0.14%
Oct 25, 2018	6.960	7.000	7.000	6.940	0.14%
Oct 24, 2018	6.950	6.950	6.950	6.950	-0.14%
Oct 23, 2018	6.960	6.950	7.000	6.950	0.14%
Oct 22, 2018	6.950	6.900	6.950	6.900	0.00%
Oct 19, 2018	6.950	6.950	6.960	6.950	0.43%
Oct 17, 2018	6.920	6.930	6.930	6.900	-0.14%
Oct 16, 2018	6.930	6.900	6.950	6.880	0.29%
Oct 15, 2018	6.910	6.890	6.930	6.870	0.29%
Oct 12, 2018	6.890	6.930	6.930	6.870	-0.72%
Oct 11, 2018	6.940	6.930	6.950	6.900	0.29%
Oct 10, 2018	6.920	6.880	6.940	6.870	0.73%
Oct 09, 2018	6.870	6.880	6.950	6.870	-0.58%
Oct 08, 2018	6.910	6.850	6.940	6.850	-0.29%
Oct 05, 2018	6.930	7.130	7.130	6.930	-2.67%
Oct 04, 2018	7.120	7.120	7.170	7.110	1.42%
Oct 03, 2018	7.020	7.030	7.050	7.000	-0.14%
Oct 01, 2018	7.030	7.020	7.030	6.960	0.86%
Sep 28, 2018	6.970	7.070	7.070	6.970	-1.41%
Sep 27, 2018	7.070	7.170	7.170	7.070	-1.39%
Sep 26, 2018	7.170	7.160	7.170	7.120	0.28%
Sep 25, 2018	7.150	7.110	7.150	7.100	0.56%
Sep 24, 2018	7.110	7.090	7.120	7.070	0.14%
Sep 21, 2018	7.100	7.090	7.100	7.080	0.42%
Sep 19, 2018	7.070	7.070	7.080	7.040	0.00%
Sep 18, 2018	7.070	7.070	7.070	7.010	0.28%
Sep 17, 2018	7.050	7.030	7.080	7.000	-0.28%
Sep 14, 2018	7.070	7.000	7.080	7.000	1.00%
Sep 12, 2018	7.000	6.950	7.000	6.900	1.45%
Sep 11, 2018	6.900	6.870	6.900	6.860	0.29%
Sep 10, 2018	6.880	6.830	6.880	6.830	0.44%
Sep 07, 2018	6.850	6.840	6.860	6.820	0.74%
Sep 06, 2018	6.800	6.830	6.850	6.800	-0.15%
Sep 05, 2018	6.810	6.810	6.850	6.780	0.15%
Sep 04, 2018	6.800	6.830	6.830	6.790	-0.15%
Sep 03, 2018	6.810	6.810	6.820	6.790	0.00%
Aug 31, 2018	6.810	6.820	6.820	6.800	-0.29%
Aug 30, 2018	6.830	6.870	6.870	6.810	0.00%
Aug 29, 2018	6.830	6.800	6.830	6.800	0.44%
Aug 28, 2018	6.800	6.830	6.850	6.790	-0.29%
Aug 27, 2018	6.820	6.820	6.820	6.800	0.00%
Aug 24, 2018	6.820	6.820	6.830	6.800	-0.29%
Aug 23, 2018	6.840	6.820	6.850	6.810	0.44%
Aug 21, 2018	6.810	6.810	6.820	6.780	-0.15%
Aug 20, 2018	6.820	6.820	6.850	6.810	0.29%
Aug 16, 2018	6.800	6.820	6.840	6.800	0.74%
Aug 14, 2018	6.750	6.730	6.750	6.670	0.60%
Aug 13, 2018	6.710	6.700	6.730	6.680	0.15%
Aug 10, 2018	6.700	6.770	6.770	6.650	0.00%
Aug 09, 2018	6.700	6.710	6.710	6.680	-0.74%
Aug 08, 2018	6.750	6.800	6.810	6.750	-0.44%
Aug 07, 2018	6.780	6.780	6.800	6.770	0.00%
Aug 06, 2018	6.780	6.780	6.800	6.760	0.15%
Aug 03, 2018	6.770	6.790	6.830	6.770	-0.29%
Aug 02, 2018	6.790	6.730	6.790	6.730	1.19%
Aug 01, 2018	6.710	6.700	6.750	6.700	0.00%
Jul 31, 2018	6.710	6.710	6.730	6.700	0.00%
Jul 30, 2018	6.710	6.710	6.730	6.700	-0.15%
Jul 27, 2018	6.720	6.720	6.730	6.700	-0.15%
Jul 26, 2018	6.730	6.770	6.770	6.710	1.20%
Jul 25, 2018	6.650	6.650	6.650	6.630	0.00%
Jul 24, 2018	6.650	6.630	6.650	6.600	0.45%
Jul 23, 2018	6.620	6.600	6.620	6.570	0.30%
Jul 20, 2018	6.600	6.580	6.600	6.570	0.61%
Jul 19, 2018	6.560	6.580	6.580	6.560	0.15%
Jul 18, 2018	6.550	6.550	6.570	6.530	0.00%
Jul 17, 2018	6.550	6.530	6.550	6.530	0.00%
Jul 16, 2018	6.550	6.540	6.550	6.500	0.15%
Jul 13, 2018	6.540	6.510	6.600	6.510	-0.15%
Jul 12, 2018	6.550	6.530	6.550	6.520	0.61%
Jul 11, 2018	6.510	6.480	6.510	6.470	0.46%
Jul 10, 2018	6.480	6.450	6.480	6.440	0.62%
Jul 09, 2018	6.440	6.440	6.450	6.430	-0.16%
Jul 06, 2018	6.450	6.480	6.480	6.450	-0.77%
Jul 05, 2018	6.500	6.450	6.500	6.450	1.72%
Jul 04, 2018	6.390	6.440	6.520	6.330	-0.78%
Jul 03, 2018	6.440	6.470	6.470	6.430	0.31%
Jul 02, 2018	6.420	6.520	6.520	6.420	-1.08%
Jun 29, 2018	6.490	6.470	6.520	6.440	0.31%
Jun 28, 2018	6.470	6.540	6.560	6.470	-0.46%
Jun 27, 2018	6.500	6.460	6.500	6.460	0.62%
Jun 26, 2018	6.460	6.460	6.460	6.440	0.00%
Jun 25, 2018	6.460	6.460	6.470	6.440	0.00%
Jun 22, 2018	6.460	6.420	6.460	6.420	0.62%
Jun 21, 2018	6.420	6.500	6.500	6.410	-0.77%
Jun 20, 2018	6.470	6.500	6.500	6.470	0.00%
Jun 19, 2018	6.470	6.530	6.530	6.470	-0.46%
Jun 18, 2018	6.500	6.520	6.540	6.480	-0.31%
Jun 15, 2018	6.520	6.520	6.530	6.500	0.00%
Jun 14, 2018	6.520	6.540	6.550	6.520	0.00%
Jun 13, 2018	6.520	6.550	6.570	6.500	-0.46%
Jun 12, 2018	6.550	6.590	6.590	6.540	-0.30%
Jun 11, 2018	6.570	6.520	6.580	6.520	1.08%
Jun 08, 2018	6.500	6.530	6.550	6.500	0.00%
Jun 07, 2018	6.500	6.590	6.590	6.500	-0.15%
Jun 06, 2018	6.510	6.550	6.550	6.490	0.31%
Jun 05, 2018	6.490	6.500	6.520	6.480	-0.15%
Jun 04, 2018	6.500	6.450	6.500	6.420	0.78%
Jun 01, 2018	6.450	6.400	6.450	6.400	0.47%
May 31, 2018	6.420	6.410	6.430	6.400	0.47%
May 30, 2018	6.390	6.390	6.400	6.360	0.31%
May 29, 2018	6.370	6.320	6.370	6.320	0.16%
May 28, 2018	6.360	6.400	6.400	6.360	-0.47%
May 25, 2018	6.390	6.380	6.400	6.380	0.31%
May 24, 2018	6.370	6.390	6.400	6.350	0.79%
May 23, 2018	6.320	6.320	6.350	6.300	0.00%
May 22, 2018	6.320	6.330	6.350	6.300	-0.32%
May 21, 2018	6.340	6.330	6.340	6.320	-0.94%
May 20, 2018	6.400	6.400	6.400	6.400	0.00%
May 18, 2018	6.400	6.370	6.400	6.320	0.95%
May 17, 2018	6.340	6.360	6.360	6.320	0.32%
May 16, 2018	6.320	6.300	6.320	6.280	0.48%
May 15, 2018	6.290	6.280	6.300	6.270	-0.47%
May 14, 2018	6.320	6.270	6.320	6.260	0.96%
May 11, 2018	6.260	6.280	6.280	6.250	-0.16%
May 10, 2018	6.270	6.290	6.300	6.250	0.48%
May 09, 2018	6.240	6.250	6.280	6.240	-0.16%
May 08, 2018	6.250	6.250	6.250	6.230	0.00%
May 07, 2018	6.250	6.250	6.250	6.240	0.00%
May 05, 2018	6.250	6.250	6.250	6.250	0.00%
May 04, 2018	6.250	6.250	6.250	6.230	0.00%
May 03, 2018	6.250	6.240	6.290	6.230	0.64%
May 02, 2018	6.210	6.220	6.250	6.210	0.16%
Apr 27, 2018	6.200	6.220	6.220	6.200	-0.32%
Apr 26, 2018	6.220	6.200	6.230	6.200	0.97%
Apr 25, 2018	6.160	6.190	6.190	6.130	-0.16%
Apr 24, 2018	6.170	6.140	6.170	6.140	0.49%
Apr 23, 2018	6.140	6.150	6.200	6.140	-0.16%
Apr 20, 2018	6.150	6.150	6.150	6.120	0.49%
Apr 19, 2018	6.120	6.110	6.120	6.110	0.82%
Apr 18, 2018	6.070	6.110	6.110	6.060	0.17%
Apr 17, 2018	6.060	6.140	6.140	6.060	-0.16%
Apr 16, 2018	6.070	6.070	6.100	6.070	-0.16%
Apr 14, 2018	6.080	6.080	6.080	6.080	0.00%
Apr 13, 2018	6.080	6.080	6.080	6.060	0.00%
Apr 12, 2018	6.080	6.080	6.080	6.050	0.83%
Apr 11, 2018	6.030	6.100	6.100	6.000	-0.82%
Apr 10, 2018	6.080	6.080	6.100	6.080	0.00%
Apr 09, 2018	6.080	6.100	6.100	6.070	-0.33%
Apr 07, 2018	6.100	6.100	6.100	6.100	0.00%
Apr 06, 2018	6.100	6.100	6.100	6.080	0.00%
Apr 05, 2018	6.100	6.110	6.150	6.100	0.83%
Apr 04, 2018	6.050	6.120	6.130	6.030	-1.14%
Apr 03, 2018	6.120	6.110	6.150	6.110	0.00%
Mar 28, 2018	6.120	6.130	6.130	6.120	-0.16%
Mar 27, 2018	6.130	6.140	6.140	6.130	-0.49%
Mar 26, 2018	6.160	6.160	6.160	6.160	0.16%
Mar 23, 2018	6.150	6.150	6.150	6.150	0.16%
Mar 22, 2018	6.140	6.160	6.160	6.140	-0.16%
Mar 21, 2018	6.150	6.190	6.190	6.150	0.33%
Mar 20, 2018	6.130	6.120	6.130	6.120	-0.81%
Mar 19, 2018	6.180	6.160	6.180	6.160	-0.16%
Mar 16, 2018	6.190	6.160	6.190	6.160	0.32%
Mar 15, 2018	6.170	6.200	6.200	6.170	-1.28%
Mar 14, 2018	6.250	6.240	6.250	6.240	0.64%
Mar 13, 2018	6.210	6.260	6.260	6.210	-0.32%
Mar 12, 2018	6.230	6.280	6.280	6.230	-0.32%
Mar 10, 2018	6.250	6.250	6.250	6.250	0.00%
Mar 09, 2018	6.250	6.230	6.250	6.230	0.00%
Mar 08, 2018	6.250	6.270	6.270	6.250	-0.64%
Mar 07, 2018	6.290	6.290	6.290	6.290	-0.16%
Mar 06, 2018	6.300	6.300	6.300	6.300	0.16%
Mar 05, 2018	6.290	6.340	6.340	6.290	-0.32%
Mar 01, 2018	6.310	6.320	6.320	6.310	-0.16%
Feb 28, 2018	6.320	6.290	6.320	6.290	0.32%
Feb 27, 2018	6.300	6.290	6.300	6.290	0.48%
Feb 26, 2018	6.270	6.320	6.320	6.270	-0.79%
Feb 24, 2018	6.320	6.320	6.320	6.320	0.00%
Feb 23, 2018	6.320	6.330	6.330	6.320	0.00%
Feb 22, 2018	6.320	6.350	6.350	6.320	-0.63%
Feb 21, 2018	6.360	6.350	6.360	6.350	0.47%
Feb 20, 2018	6.330	6.330	6.330	6.330	-0.16%
Feb 18, 2018	6.340	6.340	6.340	6.340	0.00%
Feb 16, 2018	6.340	6.340	6.340	6.340	0.32%
Feb 15, 2018	6.320	6.330	6.330	6.320	-0.94%
Feb 14, 2018	6.380	6.370	6.380	6.370	0.16%
Feb 12, 2018	6.370	6.370	6.370	6.370	-0.31%
Feb 09, 2018	6.390	6.380	6.390	6.380	0.16%
Feb 08, 2018	6.380	6.390	6.390	6.380	-0.62%
Feb 07, 2018	6.420	6.410	6.420	6.410	0.00%
Feb 06, 2018	6.420	6.410	6.420	6.410	0.16%
Feb 05, 2018	6.410	6.400	6.410	6.400	-0.16%
Feb 02, 2018	6.420	6.430	6.430	6.420	0.16%
Feb 01, 2018	6.410	6.420	6.420	6.410	-0.16%
Jan 31, 2018	6.420	6.420	6.420	6.420	0.16%
Jan 30, 2018	6.410	6.420	6.420	6.410	0.00%
Jan 29, 2018	6.410	6.410	6.410	6.410	0.00%
Jan 25, 2018	6.410	6.400	6.410	6.400	0.47%
Jan 24, 2018	6.380	6.400	6.400	6.380	0.00%
Jan 23, 2018	6.380	6.390	6.390	6.380	0.31%
Jan 22, 2018	6.360	6.390	6.390	6.360	-0.31%
Jan 19, 2018	6.380	6.360	6.380	6.360	0.31%
Jan 18, 2018	6.360	6.360	6.360	6.360	0.00%
Jan 17, 2018	6.360	6.330	6.360	6.330	0.63%
Jan 16, 2018	6.320	6.320	6.320	6.320	-0.32%
Jan 15, 2018	6.340	6.330	6.340	6.330	0.32%
Jan 12, 2018	6.320	6.310	6.320	6.310	0.00%
Jan 11, 2018	6.320	6.330	6.330	6.320	0.16%
Jan 10, 2018	6.310	6.290	6.310	6.290	0.48%
Jan 09, 2018	6.280	6.270	6.280	6.270	-0.16%
Jan 08, 2018	6.290	6.290	6.290	6.290	-0.16%
Jan 05, 2018	6.300	6.320	6.320	6.300	-0.16%
Jan 04, 2018	6.310	6.290	6.310	6.290	0.64%
Jan 03, 2018	6.270	6.190	6.270	6.190	1.95%
Jan 02, 2018	6.150	6.170	6.170	6.150	0.33%
Jan 01, 2018	6.130	6.150	6.150	6.130	-1.45%
Dec 29, 2017	6.220	6.190	6.220	6.190	1.14%
Dec 28, 2017	6.150	6.180	6.180	6.150	-1.28%
Dec 27, 2017	6.230	6.200	6.230	6.200	-0.16%
Dec 26, 2017	6.240	6.230	6.240	6.230	0.65%
Dec 22, 2017	6.200	6.200	6.200	6.200	-0.16%
Dec 21, 2017	6.210	6.200	6.210	6.200	0.00%
Dec 20, 2017	6.210	6.200	6.210	6.200	-0.64%
Dec 19, 2017	6.250	6.190	6.250	6.190	0.97%
Dec 18, 2017	6.190	6.170	6.190	6.170	0.49%
Dec 16, 2017	6.160	6.160	6.160	6.160	0.00%
Dec 15, 2017	6.160	6.150	6.160	6.150	0.16%
Dec 14, 2017	6.150	6.140	6.150	6.140	0.00%
Dec 13, 2017	6.150	6.140	6.150	6.140	0.16%
Dec 12, 2017	6.140	6.150	6.150	6.140	0.00%
Dec 11, 2017	6.140	6.130	6.140	6.130	0.49%
Dec 08, 2017	6.110	6.140	6.140	6.110	0.16%
Dec 07, 2017	6.100	6.120	6.120	6.100	-0.33%
Dec 06, 2017	6.120	6.120	6.120	6.120	0.00%
Dec 05, 2017	6.120	6.130	6.130	6.120	-0.16%
Dec 04, 2017	6.130	6.130	6.130	6.130	0.00%
Dec 02, 2017	6.130	6.130	6.130	6.130	0.00%
Nov 30, 2017	6.130	6.130	6.130	6.130	0.00%
Nov 29, 2017	6.130	6.120	6.130	6.120	0.16%
Nov 28, 2017	6.120	6.120	6.120	6.120	-0.16%
Nov 27, 2017	6.130	6.120	6.130	6.120	0.16%
Nov 24, 2017	6.120	6.110	6.120	6.110	-0.16%
Nov 23, 2017	6.130	6.120	6.130	6.120	0.33%
Nov 22, 2017	6.110	6.110	6.110	6.110	0.16%
Nov 21, 2017	6.100	6.110	6.110	6.100	-0.16%
Nov 20, 2017	6.110	6.100	6.110	6.100	0.00%
Nov 17, 2017	6.110	6.120	6.120	6.110	-0.33%
Nov 16, 2017	6.130	6.130	6.130	6.130	0.33%
Nov 15, 2017	6.110	6.110	6.110	6.110	0.00%
Nov 14, 2017	6.110	6.120	6.120	6.110	0.16%
Nov 13, 2017	6.100	6.110	6.110	6.100	0.00%
Nov 10, 2017	6.100	6.110	6.110	6.100	0.16%
Nov 09, 2017	6.090	6.110	6.110	6.090	-0.16%
Nov 08, 2017	6.100	6.100	6.100	6.100	0.00%
Nov 07, 2017	6.100	6.120	6.120	6.100	-0.33%
Nov 06, 2017	6.120	6.120	6.120	6.120	0.33%
Nov 04, 2017	6.100	6.100	6.100	6.100	0.00%
Nov 03, 2017	6.100	6.100	6.100	6.100	0.00%
Nov 02, 2017	6.100	6.110	6.110	6.100	-0.16%
Nov 01, 2017	6.110	6.110	6.110	6.110	-0.16%
Oct 31, 2017	6.120	6.110	6.120	6.110	0.16%
Oct 30, 2017	6.110	6.100	6.110	6.100	0.16%
Oct 29, 2017	6.100	6.100	6.100	6.100	0.00%
Oct 28, 2017	6.100	6.100	6.100	6.100	0.00%
Oct 27, 2017	6.100	6.100	6.100	6.100	0.00%
Oct 26, 2017	6.100	6.110	6.110	6.100	0.00%
Oct 25, 2017	6.100	6.110	6.110	6.100	0.00%
Oct 24, 2017	6.100	6.100	6.100	6.100	0.16%
Oct 23, 2017	6.090	6.110	6.110	6.090	-0.16%
Oct 22, 2017	6.100	6.100	6.100	6.100	0.00%
Oct 21, 2017	6.100	6.100	6.100	6.100	0.00%
Oct 18, 2017	6.100	6.110	6.110	6.100	0.00%
Oct 17, 2017	6.100	6.100	6.100	6.100	0.33%
Oct 16, 2017	6.080	6.110	6.110	6.080	0.00%
Oct 13, 2017	6.080	6.090	6.090	6.080	0.16%
Oct 12, 2017	6.070	6.090	6.090	6.070	0.00%
Oct 11, 2017	6.070	6.070	6.070	6.070	0.17%
Oct 10, 2017	6.060	6.090	6.090	6.060	-0.16%
Oct 09, 2017	6.070	6.110	6.110	6.070	0.00%
Oct 06, 2017	6.070	6.090	6.090	6.070	0.00%
Oct 05, 2017	6.070	6.090	6.090	6.070	0.00%
Oct 04, 2017	6.070	6.090	6.090	6.070	-0.16%
Oct 03, 2017	6.080	6.130	6.130	6.080	0.00%
Sep 29, 2017	6.080	6.090	6.090	6.080	0.00%
Sep 28, 2017	6.080	6.090	6.090	6.080	-0.16%
Sep 27, 2017	6.090	6.100	6.100	6.090	-0.16%
Sep 26, 2017	6.100	6.130	6.130	6.100	-0.16%
Sep 25, 2017	6.110	6.130	6.130	6.110	0.16%
Sep 22, 2017	6.100	6.100	6.100	6.100	0.00%
Sep 21, 2017	6.100	6.100	6.100	6.100	-0.16%
Sep 20, 2017	6.110	6.100	6.110	6.100	0.33%
Sep 19, 2017	6.090	6.090	6.090	6.090	0.00%
Sep 18, 2017	6.090	6.110	6.110	6.090	0.00%
Sep 15, 2017	6.090	6.110	6.110	6.090	0.16%
Sep 14, 2017	6.080	6.100	6.100	6.080	0.00%
Sep 13, 2017	6.080	6.080	6.080	6.080	0.00%
Sep 12, 2017	6.080	6.080	6.080	6.080	0.00%
Sep 11, 2017	6.080	6.090	6.090	6.080	-0.16%
Sep 08, 2017	6.090	6.080	6.090	6.080	-0.16%
Sep 07, 2017	6.100	6.100	6.100	6.100	0.16%
Sep 06, 2017	6.090	6.090	6.090	6.090	0.16%
Sep 05, 2017	6.080	6.090	6.090	6.080	-0.16%
Sep 04, 2017	6.090	6.100	6.100	6.090	-0.33%
Sep 01, 2017	6.110	6.090	6.110	6.090	0.49%
Aug 31, 2017	6.080	6.090	6.090	6.080	-0.49%
Aug 30, 2017	6.110	6.140	6.140	6.110	-0.16%
Aug 29, 2017	6.120	6.110	6.120	6.110	-0.33%
Aug 28, 2017	6.140	6.120	6.140	6.120	0.00%
Aug 24, 2017	6.140	6.140	6.140	6.140	0.16%
Aug 23, 2017	6.130	6.150	6.150	6.130	-0.33%
Aug 22, 2017	6.150	6.140	6.150	6.140	0.33%
Aug 21, 2017	6.130	6.120	6.130	6.120	0.16%
Aug 18, 2017	6.120	6.120	6.120	6.120	-0.16%
Aug 16, 2017	6.130	6.130	6.130	6.130	0.16%
Aug 14, 2017	6.120	6.130	6.130	6.120	0.00%
Aug 12, 2017	6.120	6.120	6.120	6.120	0.00%
Aug 11, 2017	6.120	6.130	6.130	6.120	0.00%
Aug 10, 2017	6.120	6.140	6.140	6.120	0.00%
Aug 09, 2017	6.120	6.120	6.120	6.120	-0.33%
Aug 08, 2017	6.140	6.140	6.140	6.140	0.00%
Aug 07, 2017	6.140	6.120	6.140	6.120	0.66%
Aug 06, 2017	6.100	6.100	6.100	6.100	0.00%
Aug 04, 2017	6.100	6.100	6.100	6.100	-0.33%
Aug 03, 2017	6.120	6.110	6.120	6.110	-0.33%
Aug 02, 2017	6.140	6.100	6.140	6.100	0.33%
Aug 01, 2017	6.120	6.140	6.140	6.120	-0.33%
Jul 31, 2017	6.140	6.150	6.150	6.140	0.16%
Jul 28, 2017	6.130	6.140	6.140	6.130	-0.16%
Jul 27, 2017	6.140	6.150	6.150	6.140	0.82%
Jul 26, 2017	6.090	6.080	6.090	6.080	-0.16%
Jul 25, 2017	6.100	6.110	6.110	6.100	0.33%
Jul 24, 2017	6.080	6.100	6.100	6.080	0.00%
Jul 21, 2017	6.080	6.090	6.090	6.080	-0.33%
Jul 20, 2017	6.100	6.120	6.120	6.100	-0.97%
Jul 19, 2017	6.160	6.150	6.160	6.150	0.00%
Jul 18, 2017	6.160	6.200	6.200	6.160	-0.65%
Jul 17, 2017	6.200	6.210	6.210	6.200	0.32%
Jul 16, 2017	6.180	6.180	6.180	6.180	0.00%
Jul 14, 2017	6.180	6.200	6.200	6.180	-0.16%
Jul 13, 2017	6.190	6.200	6.200	6.190	-0.80%
Jul 12, 2017	6.240	6.240	6.240	6.240	0.00%
Jul 11, 2017	6.240	6.270	6.270	6.240	-0.32%
Jul 10, 2017	6.260	6.270	6.270	6.260	-0.32%
Jul 08, 2017	6.280	6.280	6.280	6.280	0.00%
Jul 07, 2017	6.280	6.310	6.310	6.280	0.00%
Jul 06, 2017	6.280	6.290	6.290	6.280	0.00%
Jul 05, 2017	6.280	6.300	6.300	6.280	0.00%
Jul 04, 2017	6.280	6.310	6.310	6.280	-0.32%
Jul 03, 2017	6.300	6.310	6.310	6.300	0.00%
Jul 02, 2017	6.300	6.300	6.300	6.300	0.00%
Jul 01, 2017	6.300	6.300	6.300	6.300	0.00%
Jun 30, 2017	6.300	6.320	6.320	6.300	0.00%
Jun 29, 2017	6.300	6.300	6.300	6.300	0.00%
Jun 28, 2017	6.300	6.260	6.300	6.260	0.64%
Jun 27, 2017	6.260	6.290	6.290	6.260	0.00%
Jun 25, 2017	6.260	6.260	6.260	6.260	0.00%
Jun 23, 2017	6.260	6.270	6.270	6.260	0.32%
Jun 22, 2017	6.240	6.270	6.270	6.240	-0.16%
Jun 21, 2017	6.250	6.270	6.270	6.250	-0.16%
Jun 20, 2017	6.260	6.280	6.280	6.260	0.16%
Jun 19, 2017	6.250	6.260	6.260	6.250	-0.16%
Jun 16, 2017	6.260	6.260	6.260	6.260	0.16%
Jun 15, 2017	6.250	6.250	6.250	6.250	-0.79%
Jun 14, 2017	6.300	6.270	6.300	6.270	0.32%
Jun 13, 2017	6.280	6.280	6.280	6.280	-0.32%
Jun 12, 2017	6.300	6.290	6.300	6.290	0.32%
Jun 09, 2017	6.280	6.270	6.280	6.270	0.16%
Jun 08, 2017	6.270	6.280	6.280	6.270	-0.32%
Jun 07, 2017	6.290	6.300	6.300	6.290	-0.16%
Jun 06, 2017	6.300	6.290	6.300	6.290	0.16%
Jun 05, 2017	6.290	6.290	6.290	6.290	0.32%
Jun 02, 2017	6.270	6.290	6.290	6.270	-0.16%
Jun 01, 2017	6.280	6.290	6.290	6.280	0.00%
May 31, 2017	6.280	6.290	6.290	6.280	-0.32%
May 30, 2017	6.300	6.300	6.300	6.300	0.48%
May 29, 2017	6.270	6.280	6.280	6.270	0.48%
May 26, 2017	6.240	6.250	6.250	6.240	-0.16%
May 25, 2017	6.250	6.270	6.270	6.250	-0.95%
May 24, 2017	6.310	6.300	6.310	6.300	0.32%
May 23, 2017	6.290	6.300	6.300	6.290	0.64%
May 22, 2017	6.250	6.280	6.280	6.250	-0.79%
May 19, 2017	6.300	6.300	6.300	6.300	0.32%
May 18, 2017	6.280	6.310	6.310	6.280	-0.32%
May 17, 2017	6.300	6.310	6.310	6.300	0.16%
May 16, 2017	6.290	6.300	6.300	6.290	0.00%
May 15, 2017	6.290	6.290	6.290	6.290	-0.16%
May 12, 2017	6.300	6.310	6.310	6.300	0.16%
May 11, 2017	6.290	6.290	6.290	6.290	0.48%
May 09, 2017	6.260	6.270	6.270	6.260	0.16%
May 08, 2017	6.250	6.230	6.250	6.230	-0.48%
May 07, 2017	6.280	6.280	6.280	6.280	0.00%
May 05, 2017	6.280	6.250	6.280	6.250	0.64%
May 04, 2017	6.240	6.250	6.250	6.240	0.00%
May 03, 2017	6.240	6.240	6.240	6.240	0.48%
May 02, 2017	6.210	6.200	6.210	6.200	0.16%
Apr 28, 2017	6.200	6.200	6.200	6.200	-0.48%
Apr 27, 2017	6.230	6.190	6.230	6.190	0.81%
Apr 26, 2017	6.180	6.140	6.180	6.140	1.31%
Apr 25, 2017	6.100	6.110	6.110	6.100	-0.33%
Apr 24, 2017	6.120	6.090	6.120	6.090	0.66%
Apr 22, 2017	6.080	6.080	6.080	6.080	0.00%
Apr 21, 2017	6.080	6.110	6.110	6.080	0.00%
Apr 20, 2017	6.080	6.080	6.080	6.080	0.16%
Apr 19, 2017	6.070	6.060	6.070	6.060	0.33%
Apr 18, 2017	6.050	5.990	6.050	5.990	0.83%
Apr 17, 2017	6.000	5.950	6.000	5.950	0.84%
Apr 13, 2017	5.950	5.950	5.950	5.950	-0.34%
Apr 12, 2017	5.970	5.870	5.970	5.870	0.34%
Apr 11, 2017	5.950	5.780	5.950	5.780	-0.50%
Apr 10, 2017	5.980	5.940	5.980	5.940	0.50%
Apr 07, 2017	5.950	5.950	5.950	5.950	0.34%
Apr 06, 2017	5.930	5.810	5.930	5.810	3.13%
Apr 05, 2017	5.750	5.820	5.820	5.750	-0.86%
Apr 03, 2017	5.800	5.800	5.800	5.800	0.00%
Mar 31, 2017	5.800	5.850	5.850	5.800	1.05%
Mar 30, 2017	5.740	5.760	5.760	5.740	-0.52%
Mar 29, 2017	5.770	5.780	5.780	5.770	-1.54%
Mar 27, 2017	5.860	5.850	5.860	5.850	0.00%
Mar 26, 2017	5.860	5.860	5.860	5.860	0.00%
Mar 25, 2017	5.860	5.860	5.860	5.860	0.00%
Mar 24, 2017	5.860	5.860	5.860	5.860	0.00%
Mar 23, 2017	5.860	5.850	5.860	5.850	0.51%
Mar 22, 2017	5.830	5.810	5.830	5.810	-0.51%
Mar 21, 2017	5.860	5.870	5.870	5.860	-0.51%
Mar 20, 2017	5.890	5.950	5.950	5.890	-1.01%
Mar 18, 2017	5.950	5.950	5.950	5.950	0.00%
Mar 17, 2017	5.950	5.930	5.950	5.930	-0.17%
Mar 16, 2017	5.960	5.940	5.960	5.940	0.68%
Mar 15, 2017	5.920	5.940	5.940	5.920	0.00%
Mar 14, 2017	5.920	5.940	5.940	5.920	-0.17%
Mar 10, 2017	5.930	5.910	5.930	5.910	-0.17%
Mar 09, 2017	5.940	5.940	5.940	5.940	0.00%
Mar 08, 2017	5.940	5.970	5.970	5.940	-0.50%
Mar 07, 2017	5.970	5.970	5.970	5.970	0.67%
Mar 06, 2017	5.930	6.000	6.000	5.930	-1.17%
Mar 03, 2017	6.000	6.010	6.010	6.000	-0.17%
Mar 02, 2017	6.010	6.050	6.050	6.010	-0.66%
Mar 01, 2017	6.050	6.140	6.140	6.050	-0.66%
Feb 28, 2017	6.090	6.110	6.110	6.090	-0.65%
Feb 27, 2017	6.130	6.140	6.140	6.130	0.00%
Feb 23, 2017	6.130	6.130	6.130	6.130	-0.16%
Feb 22, 2017	6.140	6.190	6.190	6.140	-0.97%
Feb 20, 2017	6.200	6.200	6.200	6.200	0.16%
Feb 17, 2017	6.190	6.200	6.200	6.190	0.16%
Feb 16, 2017	6.180	6.200	6.200	6.180	-0.32%
Feb 15, 2017	6.200	6.220	6.220	6.200	-0.48%
Feb 14, 2017	6.230	6.230	6.230	6.230	-0.64%
Feb 13, 2017	6.270	6.280	6.280	6.270	0.16%
Feb 10, 2017	6.260	6.250	6.260	6.250	0.64%
Feb 09, 2017	6.220	6.290	6.290	6.220	-0.16%
Feb 08, 2017	6.230	6.100	6.230	6.100	1.47%
Feb 07, 2017	6.140	6.140	6.140	6.140	0.00%
Feb 06, 2017	6.140	6.130	6.140	6.130	-0.49%
Feb 03, 2017	6.170	6.170	6.170	6.170	0.33%
Feb 02, 2017	6.150	6.180	6.180	6.150	-0.49%
Feb 01, 2017	6.180	6.240	6.240	6.180	-1.12%
Jan 31, 2017	6.250	6.230	6.250	6.230	0.81%
Jan 30, 2017	6.200	6.220	6.220	6.200	-0.48%
Jan 27, 2017	6.230	6.230	6.230	6.230	0.16%
Jan 25, 2017	6.220	6.230	6.230	6.220	-0.16%
Jan 24, 2017	6.230	6.220	6.230	6.220	0.00%
Jan 23, 2017	6.230	6.250	6.250	6.230	0.00%
Jan 20, 2017	6.230	6.230	6.230	6.230	-0.32%
Jan 19, 2017	6.250	6.250	6.250	6.250	0.00%
Jan 18, 2017	6.250	6.270	6.270	6.250	0.00%
Jan 17, 2017	6.250	6.240	6.250	6.240	0.16%
Jan 16, 2017	6.240	6.250	6.250	6.240	-0.16%
Jan 13, 2017	6.250	6.240	6.250	6.240	0.32%
Jan 12, 2017	6.230	6.270	6.270	6.230	0.32%
Jan 11, 2017	6.210	6.220	6.220	6.210	0.00%
Jan 10, 2017	6.210	6.210	6.210	6.210	0.32%
Jan 09, 2017	6.190	6.200	6.200	6.190	0.00%
Jan 07, 2017	6.190	6.190	6.190	6.190	0.00%
Jan 06, 2017	6.190	6.190	6.190	6.190	0.00%
Jan 05, 2017	6.190	6.200	6.200	6.190	1.64%
Jan 04, 2017	6.090	6.090	6.090	6.090	-0.16%
Jan 03, 2017	6.100	6.130	6.130	6.100	0.00%
Jan 02, 2017	6.100	6.160	6.160	6.100	-1.93%
Dec 30, 2016	6.220	6.200	6.220	6.200	0.32%
Dec 29, 2016	6.200	6.250	6.250	6.200	-0.64%
Dec 28, 2016	6.240	6.240	6.240	6.240	0.16%
Dec 27, 2016	6.230	6.230	6.230	6.230	-0.16%
Dec 26, 2016	6.240	6.230	6.240	6.230	0.48%
Dec 24, 2016	6.210	6.210	6.210	6.210	0.00%
Dec 23, 2016	6.210	6.240	6.240	6.210	0.00%
Dec 22, 2016	6.210	6.210	6.210	6.210	0.00%
Dec 21, 2016	6.210	6.210	6.210	6.210	0.00%
Dec 20, 2016	6.210	6.220	6.220	6.210	0.16%
Dec 19, 2016	6.200	6.220	6.220	6.200	0.16%
Dec 16, 2016	6.190	6.220	6.220	6.190	0.16%
Dec 15, 2016	6.180	6.200	6.200	6.180	0.00%
Dec 14, 2016	6.180	6.200	6.200	6.180	-0.32%
Dec 13, 2016	6.200	6.250	6.250	6.200	-0.48%
Dec 09, 2016	6.230	6.220	6.230	6.220	-0.32%
Dec 08, 2016	6.250	6.230	6.250	6.230	1.63%
Dec 07, 2016	6.150	5.970	6.150	5.970	3.02%
Dec 06, 2016	5.970	5.970	5.970	5.970	1.02%
Dec 05, 2016	5.910	5.990	5.990	5.910	-1.50%
Dec 02, 2016	6.000	5.960	6.000	5.960	0.67%
Dec 01, 2016	5.960	5.950	5.960	5.950	0.68%
Nov 30, 2016	5.920	5.980	5.980	5.920	-1.00%
Nov 29, 2016	5.980	5.920	5.980	5.920	0.34%
Nov 28, 2016	5.960	6.010	6.010	5.960	3.65%
Nov 25, 2016	5.750	5.810	5.810	5.750	0.52%
Nov 24, 2016	5.720	5.790	5.790	5.720	-3.05%
Nov 23, 2016	5.900	5.900	5.900	5.900	-0.67%
Nov 22, 2016	5.940	5.950	5.950	5.940	-0.17%
Nov 21, 2016	5.950	6.000	6.000	5.950	-0.50%
Nov 18, 2016	5.980	5.950	5.980	5.950	0.50%
Nov 17, 2016	5.950	5.940	5.950	5.940	0.00%
Nov 16, 2016	5.950	5.950	5.950	5.950	-0.83%
Nov 15, 2016	6.000	6.090	6.090	6.000	-4.15%
Nov 11, 2016	6.260	6.290	6.290	6.260	-0.16%
Nov 10, 2016	6.270	6.260	6.270	6.260	-1.10%
Nov 09, 2016	6.340	6.330	6.340	6.330	-0.94%
Nov 08, 2016	6.400	6.430	6.430	6.400	-0.31%
Nov 07, 2016	6.420	6.420	6.420	6.420	-0.16%
Nov 05, 2016	6.430	6.430	6.430	6.430	0.00%
Nov 04, 2016	6.430	6.420	6.430	6.420	0.00%
Nov 03, 2016	6.430	6.420	6.430	6.420	0.78%
Nov 02, 2016	6.380	6.380	6.380	6.380	0.00%
Nov 01, 2016	6.380	6.410	6.410	6.380	0.47%
Oct 28, 2016	6.350	6.370	6.370	6.350	-0.63%
Oct 27, 2016	6.390	6.390	6.390	6.390	-0.16%
Oct 26, 2016	6.400	6.390	6.400	6.390	0.16%
Oct 25, 2016	6.390	6.390	6.390	6.390	-0.16%
Oct 24, 2016	6.400	6.380	6.400	6.380	0.16%
Oct 22, 2016	6.390	6.390	6.390	6.390	0.00%
Oct 21, 2016	6.390	6.390	6.390	6.390	0.00%
Oct 20, 2016	6.390	6.390	6.390	6.390	-0.47%
Oct 19, 2016	6.420	6.390	6.420	6.390	0.78%
Oct 18, 2016	6.370	6.400	6.400	6.370	0.00%
Oct 17, 2016	6.370	6.370	6.370	6.370	0.00%
Oct 15, 2016	6.370	6.370	6.370	6.370	0.00%
Oct 14, 2016	6.370	6.380	6.380	6.370	0.00%
Oct 13, 2016	6.370	6.400	6.400	6.370	0.00%
Oct 10, 2016	6.370	6.340	6.370	6.340	0.16%
Oct 07, 2016	6.360	6.330	6.360	6.330	0.47%
Oct 06, 2016	6.330	6.330	6.330	6.330	-0.31%
Oct 05, 2016	6.350	6.310	6.350	6.310	0.16%
Oct 04, 2016	6.340	6.370	6.370	6.340	-2.16%
Oct 03, 2016	6.480	6.470	6.480	6.470	0.47%
Sep 30, 2016	6.450	6.450	6.450	6.450	-0.77%
Sep 29, 2016	6.500	6.520	6.520	6.500	-0.31%
Sep 28, 2016	6.520	6.520	6.520	6.520	0.00%
Sep 27, 2016	6.520	6.510	6.520	6.510	0.00%
Sep 26, 2016	6.520	6.540	6.540	6.520	0.00%
Sep 25, 2016	6.520	6.520	6.520	6.520	0.00%
Sep 24, 2016	6.520	6.520	6.520	6.520	0.00%
Sep 23, 2016	6.520	6.540	6.540	6.520	0.00%
Sep 22, 2016	6.520	6.520	6.520	6.520	0.00%
Sep 21, 2016	6.520	6.570	6.570	6.520	-0.15%
Sep 20, 2016	6.530	6.540	6.540	6.530	0.15%
Sep 19, 2016	6.520	6.540	6.540	6.520	0.15%
Sep 17, 2016	6.510	6.510	6.510	6.510	0.00%
Sep 16, 2016	6.510	6.510	6.510	6.510	0.15%
Sep 15, 2016	6.500	6.520	6.520	6.500	-0.31%
Sep 14, 2016	6.520	6.570	6.570	6.520	-0.31%
Sep 12, 2016	6.540	6.540	6.540	6.540	0.00%
Sep 09, 2016	6.540	6.560	6.560	6.540	-0.30%
Sep 08, 2016	6.560	6.550	6.560	6.550	0.15%
Sep 07, 2016	6.550	6.550	6.550	6.550	-0.15%
Sep 06, 2016	6.560	6.580	6.580	6.560	0.00%
Sep 03, 2016	6.560	6.560	6.560	6.560	0.00%
Sep 02, 2016	6.560	6.540	6.560	6.540	0.00%
Sep 01, 2016	6.560	6.560	6.560	6.560	0.00%
Aug 31, 2016	6.560	6.550	6.560	6.550	0.31%
Aug 30, 2016	6.540	6.550	6.550	6.540	-0.15%
Aug 29, 2016	6.550	6.550	6.550	6.550	0.00%
Aug 26, 2016	6.550	6.560	6.560	6.550	0.15%
Aug 25, 2016	6.540	6.560	6.560	6.540	-0.15%
Aug 24, 2016	6.550	6.560	6.560	6.550	-0.15%
Aug 23, 2016	6.560	6.560	6.560	6.560	0.00%
Aug 22, 2016	6.560	6.560	6.560	6.560	0.00%
Aug 20, 2016	6.560	6.560	6.560	6.560	0.00%
Aug 19, 2016	6.560	6.560	6.560	6.560	0.00%
Aug 18, 2016	6.560	6.550	6.560	6.550	-0.30%
Aug 16, 2016	6.580	6.580	6.580	6.580	0.30%
Aug 14, 2016	6.560	6.560	6.560	6.560	0.00%
Aug 13, 2016	6.560	6.560	6.560	6.560	0.00%
Aug 12, 2016	6.560	6.580	6.580	6.560	-0.46%
Aug 11, 2016	6.590	6.560	6.590	6.560	-0.15%
Aug 10, 2016	6.600	6.540	6.600	6.540	0.61%
Aug 09, 2016	6.560	6.540	6.560	6.540	0.15%
Aug 08, 2016	6.550	6.530	6.550	6.530	0.15%
Aug 06, 2016	6.540	6.540	6.540	6.540	0.00%
Aug 05, 2016	6.540	6.560	6.560	6.540	-0.15%
Aug 04, 2016	6.550	6.550	6.550	6.550	-0.30%
Aug 03, 2016	6.570	6.560	6.570	6.560	0.31%
Aug 02, 2016	6.550	6.560	6.560	6.550	-0.15%
Aug 01, 2016	6.560	6.540	6.560	6.540	0.46%
Jul 29, 2016	6.530	6.550	6.550	6.530	-0.46%
Jul 28, 2016	6.560	6.580	6.580	6.560	-0.15%
Jul 27, 2016	6.570	6.570	6.570	6.570	-0.30%
Jul 26, 2016	6.590	6.570	6.590	6.570	0.30%
Jul 25, 2016	6.570	6.560	6.570	6.560	0.31%
Jul 22, 2016	6.550	6.550	6.550	6.550	-0.46%
Jul 21, 2016	6.580	6.570	6.580	6.570	0.30%
Jul 20, 2016	6.560	6.540	6.560	6.540	0.15%
Jul 19, 2016	6.550	6.560	6.560	6.550	0.00%
Jul 18, 2016	6.550	6.540	6.550	6.540	-0.15%
Jul 15, 2016	6.560	6.530	6.560	6.530	0.15%
Jul 14, 2016	6.550	6.550	6.550	6.550	-0.46%
Jul 13, 2016	6.580	6.560	6.580	6.560	0.15%
Jul 12, 2016	6.570	6.580	6.580	6.570	0.15%
Jul 11, 2016	6.560	6.550	6.560	6.550	0.31%
Jul 09, 2016	6.540	6.540	6.540	6.540	0.00%
Jul 08, 2016	6.540	6.510	6.540	6.510	0.00%
Jul 07, 2016	6.540	6.490	6.540	6.460	1.24%
Jul 05, 2016	6.460	6.490	6.490	6.460	-0.62%
Jul 04, 2016	6.500	6.530	6.530	6.500	-0.61%
Jul 01, 2016	6.540	6.600	6.600	6.540	-0.76%
Jun 30, 2016	6.590	6.650	6.650	6.590	-1.79%
Jun 29, 2016	6.710	6.720	6.720	6.710	-0.15%
Jun 28, 2016	6.720	6.730	6.730	6.720	-0.15%
Jun 27, 2016	6.730	6.710	6.730	6.710	-0.30%
Jun 25, 2016	6.750	6.750	6.750	6.750	0.00%
Jun 24, 2016	6.750	6.750	6.750	6.750	0.00%
Jun 23, 2016	6.750	6.730	6.750	6.730	0.15%
Jun 22, 2016	6.740	6.820	6.820	6.740	-0.59%
Jun 21, 2016	6.780	6.790	6.790	6.780	0.44%
Jun 20, 2016	6.750	6.770	6.770	6.750	0.00%
Jun 17, 2016	6.750	6.770	6.770	6.750	-0.59%
Jun 16, 2016	6.790	6.780	6.790	6.780	0.15%
Jun 15, 2016	6.780	6.790	6.790	6.780	0.59%
Jun 14, 2016	6.740	6.770	6.770	6.740	-0.74%
Jun 13, 2016	6.790	6.800	6.800	6.790	0.00%
Jun 11, 2016	6.790	6.790	6.790	6.790	0.00%
Jun 10, 2016	6.790	6.800	6.800	6.790	0.00%
Jun 09, 2016	6.790	6.800	6.800	6.790	-0.15%
Jun 08, 2016	6.800	6.810	6.810	6.800	-0.15%
Jun 07, 2016	6.810	6.800	6.810	6.800	0.00%
Jun 06, 2016	6.810	6.830	6.830	6.810	-0.15%
Jun 03, 2016	6.820	6.840	6.840	6.820	-0.29%
Jun 02, 2016	6.840	6.840	6.840	6.840	0.29%
Jun 01, 2016	6.820	6.820	6.820	6.820	0.00%
May 31, 2016	6.820	6.830	6.830	6.820	-0.29%
May 30, 2016	6.840	6.840	6.840	6.840	0.00%
May 27, 2016	6.840	6.840	6.840	6.840	0.15%
May 26, 2016	6.830	6.840	6.840	6.830	0.00%
May 25, 2016	6.830	6.840	6.840	6.830	-0.15%
May 24, 2016	6.840	6.820	6.840	6.820	0.29%
May 23, 2016	6.820	6.850	6.850	6.820	-0.29%
May 20, 2016	6.840	6.840	6.840	6.840	0.15%
May 19, 2016	6.830	6.830	6.830	6.830	-0.15%
May 18, 2016	6.840	6.870	6.870	6.840	0.29%
May 17, 2016	6.820	6.830	6.830	6.820	-0.44%
May 16, 2016	6.850	6.850	6.850	6.850	0.29%
May 13, 2016	6.830	6.840	6.840	6.830	0.15%
May 12, 2016	6.820	6.810	6.820	6.810	-0.44%
May 11, 2016	6.850	6.850	6.850	6.850	0.29%
May 10, 2016	6.830	6.850	6.850	6.830	0.29%
May 09, 2016	6.810	6.830	6.830	6.810	-0.15%
May 06, 2016	6.820	6.830	6.830	6.820	-0.29%
May 05, 2016	6.840	6.830	6.840	6.830	-0.15%
May 04, 2016	6.850	6.850	6.850	6.850	0.44%
May 03, 2016	6.820	6.810	6.820	6.810	0.29%
May 02, 2016	6.800	6.790	6.800	6.790	-0.44%
Apr 29, 2016	6.830	6.830	6.830	6.830	0.44%
Apr 28, 2016	6.800	6.820	6.820	6.800	-0.29%
Apr 27, 2016	6.820	6.790	6.820	6.790	0.15%
Apr 26, 2016	6.810	6.810	6.810	6.810	0.44%
Apr 25, 2016	6.780	6.840	6.840	6.780	-0.15%
Apr 22, 2016	6.790	6.800	6.800	6.790	-0.29%
Apr 21, 2016	6.810	6.810	6.810	6.810	0.29%
Apr 20, 2016	6.790	6.800	6.800	6.790	0.15%
Apr 18, 2016	6.780	6.780	6.780	6.780	-0.29%
Apr 13, 2016	6.800	6.780	6.800	6.780	0.74%
Apr 12, 2016	6.750	6.780	6.780	6.750	-0.74%
Apr 11, 2016	6.800	6.810	6.810	6.800	-0.44%
Apr 07, 2016	6.830	6.860	6.860	6.830	-0.15%
Apr 06, 2016	6.840	6.810	6.840	6.810	1.18%
Apr 05, 2016	6.760	6.750	6.760	6.750	-1.31%
Apr 04, 2016	6.850	6.840	6.850	6.840	-3.25%
Mar 31, 2016	7.080	7.100	7.100	7.080	-1.94%
Mar 30, 2016	7.220	7.220	7.220	7.220	-0.41%
Mar 29, 2016	7.250	7.260	7.260	7.250	0.00%
Mar 28, 2016	7.250	7.190	7.250	7.190	0.55%
Mar 23, 2016	7.210	7.190	7.210	7.190	0.14%
Mar 22, 2016	7.200	7.200	7.200	7.200	-0.55%
Mar 21, 2016	7.240	7.220	7.240	7.220	0.28%
Mar 19, 2016	7.220	7.220	7.220	7.220	0.00%
Mar 18, 2016	7.220	7.230	7.230	7.220	0.00%
Mar 17, 2016	7.220	7.240	7.240	7.220	0.14%
Mar 16, 2016	7.210	7.220	7.220	7.210	0.00%
Mar 15, 2016	7.210	7.220	7.220	7.210	-0.28%
Mar 14, 2016	7.230	7.240	7.240	7.230	-0.14%
Mar 12, 2016	7.240	7.240	7.240	7.240	0.00%
Mar 11, 2016	7.240	7.240	7.240	7.240	0.00%
Mar 10, 2016	7.240	7.240	7.240	7.240	0.14%
Mar 09, 2016	7.230	7.250	7.250	7.230	0.00%
Mar 08, 2016	7.230	7.200	7.230	7.200	0.28%
Mar 04, 2016	7.210	7.180	7.210	7.180	0.56%
Mar 03, 2016	7.170	7.210	7.210	7.170	-0.28%
Mar 02, 2016	7.190	7.290	7.290	7.190	-0.83%
Mar 01, 2016	7.250	7.260	7.260	7.250	-0.28%
Feb 29, 2016	7.270	7.280	7.280	7.270	-0.55%
Feb 27, 2016	7.310	7.310	7.310	7.310	0.00%
Feb 26, 2016	7.310	7.270	7.310	7.270	0.00%
Feb 25, 2016	7.310	7.320	7.320	7.310	0.00%
Feb 24, 2016	7.310	7.330	7.330	7.310	-0.41%
Feb 23, 2016	7.340	7.320	7.340	7.320	0.41%
Feb 22, 2016	7.310	7.320	7.320	7.310	-0.14%
Feb 18, 2016	7.320	7.340	7.340	7.320	0.14%
Feb 17, 2016	7.310	7.330	7.330	7.310	-0.14%
Feb 16, 2016	7.320	7.310	7.320	7.310	-0.27%
Feb 15, 2016	7.340	7.300	7.340	7.300	0.41%
Feb 14, 2016	7.310	7.310	7.310	7.310	0.00%
Feb 12, 2016	7.310	7.320	7.320	7.310	-0.27%
Feb 11, 2016	7.330	7.350	7.350	7.330	-0.27%
Feb 10, 2016	7.350	7.350	7.350	7.350	0.27%
Feb 09, 2016	7.330	7.300	7.330	7.300	0.27%
Feb 08, 2016	7.310	7.320	7.320	7.310	-0.14%
Feb 05, 2016	7.320	7.320	7.320	7.320	-0.27%
Feb 04, 2016	7.340	7.340	7.340	7.340	0.27%
Feb 03, 2016	7.320	7.300	7.320	7.300	0.69%
Feb 02, 2016	7.270	7.290	7.290	7.270	0.28%
Feb 01, 2016	7.250	7.260	7.260	7.250	0.00%
Jan 29, 2016	7.250	7.240	7.250	7.240	-0.14%
Jan 28, 2016	7.260	7.260	7.260	7.260	0.00%
Jan 27, 2016	7.260	7.350	7.350	7.260	0.00%
Jan 25, 2016	7.260	7.270	7.270	7.260	0.14%
Jan 22, 2016	7.250	7.300	7.300	7.250	-0.14%
Jan 21, 2016	7.260	7.240	7.260	7.240	0.00%
Jan 20, 2016	7.260	7.230	7.260	7.230	0.55%
Jan 19, 2016	7.220	7.220	7.220	7.220	0.00%
Jan 18, 2016	7.220	7.210	7.220	7.210	-0.41%
Jan 15, 2016	7.250	7.210	7.250	7.210	0.14%
Jan 14, 2016	7.240	7.210	7.240	7.210	0.42%
Jan 13, 2016	7.210	7.230	7.230	7.210	-0.14%
Jan 12, 2016	7.220	7.210	7.220	7.210	0.28%
Jan 11, 2016	7.200	7.210	7.210	7.200	0.00%
Jan 10, 2016	7.200	7.200	7.200	7.200	0.00%
Jan 08, 2016	7.200	7.210	7.210	7.200	-0.28%
Jan 07, 2016	7.220	7.220	7.220	7.220	2.12%
Jan 06, 2016	7.070	7.100	7.100	7.070	-0.14%
Jan 05, 2016	7.080	7.100	7.100	7.080	-1.53%
Jan 04, 2016	7.190	7.160	7.190	7.160	0.70%
Jan 01, 2016	7.140	7.150	7.150	7.140	-0.42%
Dec 31, 2015	7.170	7.180	7.180	7.170	-0.69%
Dec 30, 2015	7.220	7.210	7.220	7.210	0.28%
Dec 29, 2015	7.200	7.200	7.200	7.200	0.00%
Dec 28, 2015	7.200	7.200	7.200	7.200	-0.14%
Dec 26, 2015	7.210	7.210	7.210	7.210	0.00%
Dec 23, 2015	7.210	7.210	7.210	7.210	0.00%
Dec 22, 2015	7.210	7.220	7.220	7.210	0.14%
Dec 21, 2015	7.200	7.220	7.220	7.200	0.00%
Dec 19, 2015	7.200	7.200	7.200	7.200	0.00%
Dec 18, 2015	7.200	7.200	7.200	7.200	0.00%
Dec 17, 2015	7.200	7.210	7.210	7.200	-0.28%
Dec 16, 2015	7.220	7.190	7.220	7.190	0.42%
Dec 15, 2015	7.190	7.190	7.190	7.190	0.14%
Dec 14, 2015	7.180	7.180	7.180	7.180	0.14%
Dec 12, 2015	7.170	7.170	7.170	7.170	0.00%
Dec 11, 2015	7.170	7.180	7.180	7.170	0.00%
Dec 10, 2015	7.170	7.180	7.180	7.170	-0.14%
Dec 09, 2015	7.180	7.170	7.180	7.170	0.00%
Dec 08, 2015	7.180	7.180	7.180	7.180	0.00%
Dec 07, 2015	7.180	7.150	7.180	7.150	0.42%
Dec 05, 2015	7.150	7.150	7.150	7.150	0.00%
Dec 04, 2015	7.150	7.160	7.160	7.150	0.00%
Dec 03, 2015	7.150	7.140	7.150	7.140	-0.14%
Dec 02, 2015	7.160	7.150	7.160	7.150	0.28%
Dec 01, 2015	7.140	7.150	7.150	7.140	0.00%
Nov 30, 2015	7.140	7.140	7.140	7.140	-0.14%
Nov 27, 2015	7.150	7.150	7.150	7.150	0.14%
Nov 26, 2015	7.140	7.140	7.140	7.140	0.00%
Nov 24, 2015	7.140	7.140	7.140	7.140	-0.14%
Nov 23, 2015	7.150	7.150	7.150	7.150	0.14%
Nov 22, 2015	7.140	7.140	7.140	7.140	0.00%
Nov 21, 2015	7.140	7.140	7.140	7.140	0.00%
Nov 20, 2015	7.140	7.140	7.140	7.140	0.00%
Nov 19, 2015	7.140	7.140	7.140	7.140	0.00%
Nov 18, 2015	7.140	7.140	7.140	7.140	0.00%
Nov 17, 2015	7.140	7.140	7.140	7.140	-0.28%
Nov 16, 2015	7.160	7.160	7.160	7.160	0.56%
Nov 13, 2015	7.120	7.120	7.120	7.120	-0.42%
Nov 10, 2015	7.150	7.150	7.150	7.150	0.42%
Nov 09, 2015	7.120	7.120	7.120	7.120	0.42%
Nov 06, 2015	7.090	7.090	7.090	7.090	-0.28%
Nov 05, 2015	7.110	7.110	7.110	7.110	0.14%
Nov 04, 2015	7.100	7.100	7.100	7.100	0.00%
Nov 03, 2015	7.100	7.100	7.100	7.100	-0.28%
Nov 02, 2015	7.120	7.120	7.120	7.120	0.14%
Oct 30, 2015	7.110	7.110	7.110	7.110	-0.14%
Oct 29, 2015	7.120	7.120	7.120	7.120	0.14%
Oct 28, 2015	7.110	7.110	7.110	7.110	-0.56%
Oct 27, 2015	7.150	7.150	7.150	7.150	0.56%
Oct 26, 2015	7.110	7.110	7.110	7.110	0.14%
Oct 23, 2015	7.100	7.100	7.100	7.100	0.57%
Oct 21, 2015	7.060	7.060	7.060	7.060	0.00%
Oct 20, 2015	7.060	7.060	7.060	7.060	0.14%
Oct 19, 2015	7.050	7.050	7.050	7.050	-0.14%
Oct 18, 2015	7.060	7.060	7.060	7.060	0.00%
Oct 17, 2015	7.060	7.060	7.060	7.060	0.00%
Oct 16, 2015	7.060	7.060	7.060	7.060	0.00%
Oct 15, 2015	7.060	7.060	7.060	7.060	0.14%
Oct 14, 2015	7.050	7.050	7.050	7.050	0.00%
Oct 13, 2015	7.050	7.050	7.050	7.050	0.00%
Oct 12, 2015	7.050	7.050	7.050	7.050	0.14%
Oct 09, 2015	7.040	7.040	7.040	7.040	-0.14%
Oct 08, 2015	7.050	7.050	7.050	7.050	1.00%
Oct 07, 2015	6.980	6.980	6.980	6.980	-0.14%
Oct 06, 2015	6.990	6.990	6.990	6.990	-0.57%
Oct 05, 2015	7.030	7.030	7.030	7.030	0.14%
Oct 03, 2015	7.020	7.020	7.020	7.020	0.00%
Oct 01, 2015	7.020	7.020	7.020	7.020	-0.43%
Sep 30, 2015	7.050	7.050	7.050	7.050	0.00%
Sep 29, 2015	7.050	7.050	7.050	7.050	-5.37%
Sep 28, 2015	7.450	7.450	7.450	7.450	0.68%
Sep 27, 2015	7.400	7.400	7.400	7.400	0.00%
Sep 24, 2015	7.400	7.400	7.400	7.400	-0.67%
Sep 23, 2015	7.450	7.450	7.450	7.450	0.40%
Sep 22, 2015	7.420	7.420	7.420	7.420	-0.40%
Sep 21, 2015	7.450	7.450	7.450	7.450	-0.27%
Sep 18, 2015	7.470	7.470	7.470	7.470	-0.13%
Sep 16, 2015	7.480	7.480	7.480	7.480	0.54%
Sep 15, 2015	7.440	7.440	7.440	7.440	-0.27%
Sep 14, 2015	7.460	7.460	7.460	7.460	0.13%
Sep 11, 2015	7.450	7.450	7.450	7.450	0.27%
Sep 10, 2015	7.430	7.430	7.430	7.430	-0.13%
Sep 09, 2015	7.440	7.440	7.440	7.440	0.27%
Sep 08, 2015	7.420	7.420	7.420	7.420	0.00%
Sep 07, 2015	7.420	7.420	7.420	7.420	0.27%
Sep 05, 2015	7.400	7.400	7.400	7.400	0.00%
Sep 04, 2015	7.400	7.400	7.400	7.400	0.00%
Sep 03, 2015	7.400	7.400	7.400	7.400	-0.40%
Sep 02, 2015	7.430	7.430	7.430	7.430	0.13%
Sep 01, 2015	7.420	7.420	7.420	7.420	0.13%
Aug 31, 2015	7.410	7.410	7.410	7.410	0.00%
Aug 29, 2015	7.410	7.410	7.410	7.410	0.00%
Aug 28, 2015	7.410	7.410	7.410	7.410	0.00%
Aug 27, 2015	7.410	7.410	7.410	7.410	-0.40%
Aug 26, 2015	7.440	7.440	7.440	7.440	0.27%
Aug 25, 2015	7.420	7.420	7.420	7.420	-0.13%
Aug 24, 2015	7.430	7.430	7.430	7.430	0.13%
Aug 21, 2015	7.420	7.420	7.420	7.420	0.13%
Aug 20, 2015	7.410	7.410	7.410	7.410	0.14%
Aug 19, 2015	7.400	7.400	7.400	7.400	0.14%
Aug 17, 2015	7.390	7.390	7.390	7.390	0.14%
Aug 15, 2015	7.380	7.380	7.380	7.380	0.00%
Aug 14, 2015	7.380	7.380	7.380	7.380	0.00%
Aug 13, 2015	7.380	7.380	7.380	7.380	-0.14%
Aug 12, 2015	7.390	7.390	7.390	7.390	0.00%
Aug 11, 2015	7.390	7.390	7.390	7.390	0.14%
Aug 10, 2015	7.380	7.380	7.380	7.380	-0.14%
Aug 07, 2015	7.390	7.390	7.390	7.390	-0.14%
Aug 06, 2015	7.400	7.400	7.400	7.400	-0.27%
Aug 05, 2015	7.420	7.420	7.420	7.420	-0.13%
Aug 04, 2015	7.430	7.430	7.430	7.430	0.13%
Aug 03, 2015	7.420	7.420	7.420	7.420	-0.27%
Aug 01, 2015	7.440	7.440	7.440	7.440	0.00%
Jul 31, 2015	7.440	7.440	7.440	7.440	0.00%
Jul 30, 2015	7.440	7.440	7.440	7.440	-0.13%
Jul 29, 2015	7.450	7.450	7.450	7.450	0.27%
Jul 28, 2015	7.430	7.430	7.430	7.430	-0.13%
Jul 27, 2015	7.440	7.440	7.440	7.440	-0.40%
Jul 24, 2015	7.470	7.470	7.470	7.470	0.13%
Jul 23, 2015	7.460	7.460	7.460	7.460	-0.80%
Jul 22, 2015	7.520	7.520	7.520	7.520	0.00%
Jul 21, 2015	7.520	7.520	7.520	7.520	0.00%
Jul 20, 2015	7.520	7.520	7.520	7.520	-0.13%
Jul 18, 2015	7.530	7.530	7.530	7.530	0.00%
Jul 17, 2015	7.530	7.530	7.530	7.530	0.13%
Jul 16, 2015	7.520	7.520	7.520	7.520	0.00%
Jul 15, 2015	7.520	7.520	7.520	7.520	-0.40%
Jul 14, 2015	7.550	7.550	7.550	7.550	0.00%
Jul 13, 2015	7.550	7.550	7.550	7.550	0.53%
Jul 10, 2015	7.510	7.510	7.510	7.510	0.13%
Jul 09, 2015	7.500	7.500	7.500	7.500	-0.53%
Jul 08, 2015	7.540	7.540	7.540	7.540	0.94%
Jul 07, 2015	7.470	7.470	7.470	7.470	0.27%
Jul 06, 2015	7.450	7.450	7.450	7.450	-2.36%
Jul 03, 2015	7.630	7.630	7.630	7.630	1.06%
Jul 02, 2015	7.550	7.550	7.550	7.550	-0.53%
Jul 01, 2015	7.590	7.590	7.590	7.590	-0.26%
Jun 30, 2015	7.610	7.610	7.610	7.610	-0.91%
Jun 29, 2015	7.680	7.680	7.680	7.680	0.00%
Jun 26, 2015	7.680	7.680	7.680	7.680	-0.26%
Jun 25, 2015	7.700	7.700	7.700	7.700	1.05%
Jun 24, 2015	7.620	7.620	7.620	7.620	0.00%
Jun 23, 2015	7.620	7.620	7.620	7.620	0.00%
Jun 22, 2015	7.620	7.620	7.620	7.620	-1.30%
Jun 19, 2015	7.720	7.720	7.720	7.720	1.05%
Jun 18, 2015	7.640	7.640	7.640	7.640	-0.52%
Jun 17, 2015	7.680	7.680	7.680	7.680	0.00%
Jun 16, 2015	7.680	7.680	7.680	7.680	0.13%
Jun 15, 2015	7.670	7.670	7.670	7.670	-0.78%
Jun 12, 2015	7.730	7.730	7.730	7.730	0.39%
Jun 11, 2015	7.700	7.700	7.700	7.700	-0.26%
Jun 10, 2015	7.720	7.720	7.720	7.720	0.52%
Jun 09, 2015	7.680	7.680	7.680	7.680	0.26%
Jun 08, 2015	7.660	7.660	7.660	7.660	0.13%
Jun 07, 2015	7.650	7.650	7.650	7.650	0.00%
Jun 06, 2015	7.650	7.650	7.650	7.650	0.00%
Jun 05, 2015	7.650	7.650	7.650	7.650	0.00%
Jun 04, 2015	7.650	7.650	7.650	7.650	-0.26%
Jun 03, 2015	7.670	7.670	7.670	7.670	-0.39%
Jun 02, 2015	7.700	7.700	7.700	7.700	-1.28%
Jun 01, 2015	7.800	7.800	7.800	7.800	-0.64%
May 30, 2015	7.850	7.850	7.850	7.850	0.00%
May 29, 2015	7.850	7.850	7.850	7.850	0.64%
May 28, 2015	7.800	7.800	7.800	7.800	-0.64%
May 27, 2015	7.850	7.850	7.850	7.850	0.38%
May 26, 2015	7.820	7.820	7.820	7.820	0.13%
May 25, 2015	7.810	7.810	7.810	7.810	-0.51%
May 22, 2015	7.850	7.850	7.850	7.850	0.13%
May 21, 2015	7.840	7.840	7.840	7.840	-0.76%
May 20, 2015	7.900	7.900	7.900	7.900	-0.63%
May 19, 2015	7.950	7.950	7.950	7.950	0.38%
May 18, 2015	7.920	7.920	7.920	7.920	-0.38%
May 15, 2015	7.950	7.950	7.950	7.950	-0.63%
May 14, 2015	8.000	8.000	8.000	8.000	0.00%
May 13, 2015	8.000	8.000	8.000	8.000	0.63%
May 12, 2015	7.950	7.950	7.950	7.950	0.00%
May 11, 2015	7.950	7.950	7.950	7.950	-0.50%
May 08, 2015	7.990	7.990	7.990	7.990	0.38%
May 07, 2015	7.960	7.960	7.960	7.960	-0.25%
May 06, 2015	7.980	7.980	7.980	7.980	0.76%
May 05, 2015	7.920	7.920	7.920	7.920	-0.38%
Apr 30, 2015	7.950	7.950	7.950	7.950	0.13%
Apr 29, 2015	7.940	7.940	7.940	7.940	0.13%
Apr 28, 2015	7.930	7.930	7.930	7.930	0.38%
Apr 27, 2015	7.900	7.900	7.900	7.900	-0.63%
Apr 24, 2015	7.950	7.950	7.950	7.950	0.89%
Apr 23, 2015	7.880	7.880	7.880	7.880	-0.25%
Apr 22, 2015	7.900	7.900	7.900	7.900	0.25%
Apr 21, 2015	7.880	7.880	7.880	7.880	0.00%
Apr 20, 2015	7.880	7.880	7.880	7.880	0.00%
Apr 17, 2015	7.880	7.880	7.880	7.880	0.38%
Apr 16, 2015	7.850	7.850	7.850	7.850	0.00%
Apr 15, 2015	7.850	7.850	7.850	7.850	0.00%
Apr 13, 2015	7.850	7.850	7.850	7.850	-0.63%
Apr 10, 2015	7.900	7.900	7.900	7.900	0.64%
Apr 09, 2015	7.850	7.850	7.850	7.850	-0.13%
Apr 08, 2015	7.860	7.860	7.860	7.860	-1.01%
Apr 07, 2015	7.940	7.940	7.940	7.940	1.40%
Apr 06, 2015	7.830	7.830	7.830	7.830	-0.63%
Mar 31, 2015	7.880	7.880	7.880	7.880	-4.72%
Mar 30, 2015	8.270	8.270	8.270	8.270	-0.36%
Mar 27, 2015	8.300	8.300	8.300	8.300	0.12%
Mar 26, 2015	8.290	8.290	8.290	8.290	0.00%
Mar 25, 2015	8.290	8.290	8.290	8.290	-0.12%
Mar 24, 2015	8.300	8.300	8.300	8.300	0.00%
Mar 23, 2015	8.300	8.300	8.300	8.300	0.00%
Mar 20, 2015	8.300	8.300	8.300	8.300	0.61%
Mar 19, 2015	8.250	8.250	8.250	8.250	-0.72%
Mar 18, 2015	8.310	8.310	8.310	8.310	-0.72%
Mar 17, 2015	8.370	8.370	8.370	8.370	0.24%
Mar 16, 2015	8.350	8.350	8.350	8.350	0.24%
Mar 13, 2015	8.330	8.330	8.330	8.330	0.12%
Mar 12, 2015	8.320	8.320	8.320	8.320	0.00%
Mar 11, 2015	8.320	8.320	8.320	8.320	0.36%
Mar 10, 2015	8.290	8.290	8.290	8.290	0.73%
Mar 09, 2015	8.230	8.230	8.230	8.230	0.12%
Mar 05, 2015	8.220	8.220	8.220	8.220	-0.48%
Mar 04, 2015	8.260	8.260	8.260	8.260	-1.43%
Mar 03, 2015	8.380	8.380	8.380	8.380	0.00%
Mar 02, 2015	8.380	8.380	8.380	8.380	0.00%
Feb 27, 2015	8.380	8.380	8.380	8.380	-0.24%
Feb 26, 2015	8.400	8.400	8.400	8.400	0.24%
Feb 25, 2015	8.380	8.380	8.380	8.380	-1.06%
Feb 24, 2015	8.470	8.470	8.470	8.470	0.59%
Feb 23, 2015	8.420	8.420	8.420	8.420	0.48%
Feb 20, 2015	8.380	8.380	8.380	8.380	0.12%
Feb 19, 2015	8.370	8.370	8.370	8.370	0.00%
Feb 18, 2015	8.370	8.370	8.370	8.370	0.84%
Feb 16, 2015	8.300	8.300	8.300	8.300	0.00%
Feb 13, 2015	8.300	8.300	8.300	8.300	0.24%
Feb 12, 2015	8.280	8.280	8.280	8.280	-0.24%
Feb 11, 2015	8.300	8.300	8.300	8.300	0.48%
Feb 10, 2015	8.260	8.260	8.260	8.260	0.24%
Feb 09, 2015	8.240	8.240	8.240	8.240	-0.36%
Feb 06, 2015	8.270	8.270	8.270	8.270	0.24%
Feb 05, 2015	8.250	8.250	8.250	8.250	0.24%
Feb 04, 2015	8.230	8.230	8.230	8.230	0.61%
Feb 03, 2015	8.180	8.180	8.180	8.180	-0.85%
Feb 02, 2015	8.250	8.250	8.250	8.250	0.86%
Feb 01, 2015	8.180	8.180	8.180	8.180	0.00%
Jan 30, 2015	8.180	8.180	8.180	8.180	-0.12%
Jan 29, 2015	8.190	8.190	8.190	8.190	-0.24%
Jan 28, 2015	8.210	8.210	8.210	8.210	0.74%
Jan 27, 2015	8.150	8.150	8.150	8.150	-0.12%
Jan 23, 2015	8.160	8.160	8.160	8.160	-0.24%
Jan 22, 2015	8.180	8.180	8.180	8.180	-0.12%
Jan 21, 2015	8.190	8.190	8.190	8.190	0.00%
Jan 20, 2015	8.190	8.190	8.190	8.190	0.49%
Jan 19, 2015	8.150	8.150	8.150	8.150	0.37%
Jan 16, 2015	8.120	8.120	8.120	8.120	-0.73%
Jan 15, 2015	8.180	8.180	8.180	8.180	-2.39%
Jan 14, 2015	8.380	8.380	8.380	8.380	0.48%
Jan 13, 2015	8.340	8.340	8.340	8.340	0.00%
Jan 12, 2015	8.340	8.340	8.340	8.340	-0.60%
Jan 09, 2015	8.390	8.390	8.390	8.390	0.48%
Jan 08, 2015	8.350	8.350	8.350	8.350	0.12%
Jan 07, 2015	8.340	8.340	8.340	8.340	-0.60%
Jan 06, 2015	8.390	8.390	8.390	8.390	1.33%
Jan 05, 2015	8.280	8.280	8.280	8.280	-0.24%
Jan 02, 2015	8.300	8.300	8.300	8.300	0.00%
Jan 01, 2015	8.300	8.300	8.300	8.300	-0.36%
Dec 31, 2014	8.330	8.330	8.330	8.330	-0.24%
Dec 30, 2014	8.350	8.350	8.350	8.350	-0.12%
Dec 29, 2014	8.360	8.360	8.360	8.360	-0.24%
Dec 28, 2014	8.380	8.380	8.380	8.380	0.00%
Dec 26, 2014	8.380	8.380	8.380	8.380	-0.12%
Dec 24, 2014	8.390	8.390	8.390	8.390	0.72%
Dec 23, 2014	8.330	8.330	8.330	8.330	-0.36%
Dec 22, 2014	8.360	8.360	8.360	8.360	0.12%
Dec 19, 2014	8.350	8.350	8.350	8.350	0.12%
Dec 18, 2014	8.340	8.340	8.340	8.340	-0.24%
Dec 17, 2014	8.360	8.360	8.360	8.360	1.09%
Dec 16, 2014	8.270	8.270	8.270	8.270	0.49%
Dec 15, 2014	8.230	8.230	8.230	8.230	0.00%
Dec 14, 2014	8.230	8.230	8.230	8.230	0.00%
Dec 12, 2014	8.230	8.230	8.230	8.230	-0.12%
Dec 11, 2014	8.240	8.240	8.240	8.240	-0.12%
Dec 10, 2014	8.250	8.250	8.250	8.250	-0.12%
Dec 09, 2014	8.260	8.260	8.260	8.260	0.12%
Dec 08, 2014	8.250	8.250	8.250	8.250	0.00%
Dec 05, 2014	8.250	8.250	8.250	8.250	-0.12%
Dec 04, 2014	8.260	8.260	8.260	8.260	0.00%
Dec 03, 2014	8.260	8.260	8.260	8.260	0.00%
Dec 02, 2014	8.260	8.260	8.260	8.260	0.36%
Dec 01, 2014	8.230	8.230	8.230	8.230	-0.84%
Nov 30, 2014	8.300	8.300	8.300	8.300	0.00%
Nov 28, 2014	8.300	8.300	8.300	8.300	0.61%
Nov 27, 2014	8.250	8.250	8.250	8.250	0.24%
Nov 26, 2014	8.230	8.230	8.230	8.230	-0.48%
Nov 25, 2014	8.270	8.270	8.270	8.270	0.00%
Nov 24, 2014	8.270	8.270	8.270	8.270	-0.12%
Nov 22, 2014	8.280	8.280	8.280	8.280	0.00%
Nov 21, 2014	8.280	8.280	8.280	8.280	0.00%
Nov 20, 2014	8.280	8.280	8.280	8.280	-0.48%
Nov 19, 2014	8.320	8.320	8.320	8.320	-0.12%
Nov 18, 2014	8.330	8.330	8.330	8.330	-0.24%
Nov 17, 2014	8.350	8.350	8.350	8.350	0.00%
Nov 16, 2014	8.350	8.350	8.350	8.350	0.00%
Nov 15, 2014	8.350	8.350	8.350	8.350	0.00%
Nov 14, 2014	8.350	8.350	8.350	8.350	0.00%
Nov 13, 2014	8.350	8.350	8.350	8.350	0.12%
Nov 12, 2014	8.340	8.340	8.340	8.340	-0.36%
Nov 11, 2014	8.370	8.370	8.370	8.370	0.24%
Nov 10, 2014	8.350	8.350	8.350	8.350	0.60%
Nov 07, 2014	8.300	8.300	8.300	8.300	-0.13%
Nov 06, 2014	8.311	8.311	8.311	8.311	-0.47%
Nov 05, 2014	8.350	8.350	8.350	8.350	-0.12%
Nov 03, 2014	8.360	8.360	8.360	8.360	-0.48%
Oct 31, 2014	8.400	8.400	8.400	8.400	-0.24%
Oct 30, 2014	8.420	8.420	8.420	8.420	-0.24%
Oct 29, 2014	8.440	8.440	8.440	8.440	0.48%
Oct 28, 2014	8.400	8.400	8.400	8.400	0.00%
Oct 27, 2014	8.400	8.400	8.400	8.400	-0.36%
Oct 22, 2014	8.430	8.430	8.430	8.430	-0.59%
Oct 21, 2014	8.480	8.480	8.480	8.480	0.12%
Oct 20, 2014	8.470	8.470	8.470	8.470	-0.12%
Oct 18, 2014	8.480	8.480	8.480	8.480	0.00%
Oct 17, 2014	8.480	8.480	8.480	8.480	0.00%
Oct 16, 2014	8.480	8.480	8.480	8.480	-0.24%
Oct 15, 2014	8.500	8.500	8.500	8.500	0.00%
Oct 14, 2014	8.500	8.500	8.500	8.500	0.35%
Oct 13, 2014	8.470	8.470	8.470	8.470	-0.35%
Oct 10, 2014	8.500	8.500	8.500	8.500	0.12%
Oct 09, 2014	8.490	8.490	8.490	8.490	-0.12%
Oct 08, 2014	8.500	8.500	8.500	8.500	-0.12%
Oct 07, 2014	8.510	8.510	8.510	8.510	0.24%
Oct 01, 2014	8.490	8.490	8.490	8.490	-0.82%
Sep 30, 2014	8.560	8.560	8.560	8.560	0.23%
Sep 29, 2014	8.540	8.540	8.540	8.540	0.00%
Sep 27, 2014	8.540	8.540	8.540	8.540	0.00%
Sep 26, 2014	8.540	8.540	8.540	8.540	0.12%
Sep 25, 2014	8.530	8.530	8.530	8.530	-0.12%
Sep 24, 2014	8.540	8.540	8.540	8.540	-0.35%
Sep 23, 2014	8.570	8.570	8.570	8.570	0.00%
Sep 22, 2014	8.570	8.570	8.570	8.570	-0.23%
Sep 19, 2014	8.590	8.590	8.590	8.590	-0.12%
Sep 18, 2014	8.600	8.600	8.600	8.600	-0.23%
Sep 17, 2014	8.620	8.620	8.620	8.620	0.00%
Sep 16, 2014	8.620	8.620	8.620	8.620	0.12%
Sep 15, 2014	8.610	8.610	8.610	8.610	0.00%
Sep 13, 2014	8.610	8.610	8.610	8.610	0.00%
Sep 12, 2014	8.610	8.610	8.610	8.610	0.12%
Sep 11, 2014	8.600	8.600	8.600	8.600	0.12%
Sep 10, 2014	8.590	8.590	8.590	8.590	-0.35%
Sep 09, 2014	8.620	8.620	8.620	8.620	0.00%
Sep 08, 2014	8.620	8.620	8.620	8.620	0.35%
Sep 05, 2014	8.590	8.590	8.590	8.590	-0.23%
Sep 04, 2014	8.610	8.610	8.610	8.610	0.12%
Sep 03, 2014	8.600	8.600	8.600	8.600	0.00%
Sep 02, 2014	8.600	8.600	8.600	8.600	-0.35%
Sep 01, 2014	8.630	8.630	8.630	8.630	0.00%
Aug 31, 2014	8.630	8.630	8.630	8.630	0.00%
Aug 28, 2014	8.630	8.630	8.630	8.630	0.23%
Aug 27, 2014	8.610	8.610	8.610	8.610	0.00%
Aug 26, 2014	8.610	8.610	8.610	8.610	0.00%
Aug 25, 2014	8.610	8.610	8.610	8.610	0.00%
Aug 22, 2014	8.610	8.610	8.610	8.610	-0.46%
Aug 21, 2014	8.650	8.650	8.650	8.650	0.12%
Aug 20, 2014	8.640	8.640	8.640	8.640	0.00%
Aug 19, 2014	8.640	8.640	8.640	8.640	-0.12%
Aug 14, 2014	8.650	8.650	8.650	8.650	0.12%
Aug 13, 2014	8.640	8.640	8.640	8.640	0.12%
Aug 12, 2014	8.630	8.630	8.630	8.630	-0.12%
Aug 11, 2014	8.640	8.640	8.640	8.640	-0.12%
Aug 10, 2014	8.650	8.650	8.650	8.650	0.00%
Aug 08, 2014	8.650	8.650	8.650	8.650	0.12%
Aug 07, 2014	8.640	8.640	8.640	8.640	0.00%
Aug 06, 2014	8.640	8.640	8.640	8.640	0.35%
Aug 05, 2014	8.610	8.610	8.610	8.610	0.47%
Aug 04, 2014	8.570	8.570	8.570	8.570	-0.46%
Aug 02, 2014	8.610	8.610	8.610	8.610	0.00%
Aug 01, 2014	8.610	8.610	8.610	8.610	0.00%
Jul 31, 2014	8.610	8.610	8.610	8.610	-0.35%
Jul 30, 2014	8.640	8.640	8.640	8.640	0.35%
Jul 28, 2014	8.610	8.610	8.610	8.610	0.12%
Jul 27, 2014	8.600	8.600	8.600	8.600	0.00%
Jul 25, 2014	8.600	8.600	8.600	8.600	0.12%
Jul 24, 2014	8.590	8.590	8.590	8.590	-0.23%
Jul 23, 2014	8.610	8.610	8.610	8.610	0.00%
Jul 22, 2014	8.610	8.610	8.610	8.610	0.23%
Jul 21, 2014	8.590	8.590	8.590	8.590	0.00%
Jul 20, 2014	8.590	8.590	8.590	8.590	0.00%
Jul 18, 2014	8.590	8.590	8.590	8.590	0.12%
Jul 17, 2014	8.580	8.580	8.580	8.580	-0.12%
Jul 16, 2014	8.590	8.590	8.590	8.590	0.23%
Jul 15, 2014	8.570	8.570	8.570	8.570	-0.58%
Jul 14, 2014	8.620	8.620	8.620	8.620	0.35%
Jul 12, 2014	8.590	8.590	8.590	8.590	0.00%
Jul 11, 2014	8.590	8.590	8.590	8.590	0.35%
Jul 10, 2014	8.560	8.560	8.560	8.560	0.12%
Jul 09, 2014	8.550	8.550	8.550	8.550	1.18%
Jul 08, 2014	8.450	8.450	8.450	8.450	0.00%
Jul 07, 2014	8.450	8.450	8.450	8.450	-0.24%
Jul 04, 2014	8.470	8.470	8.470	8.470	0.00%
Jul 03, 2014	8.470	8.470	8.470	8.470	-0.35%
Jul 02, 2014	8.500	8.500	8.500	8.500	0.00%
Jul 01, 2014	8.500	8.500	8.500	8.500	-0.93%
Jun 30, 2014	8.580	8.580	8.580	8.580	0.47%
Jun 27, 2014	8.540	8.540	8.540	8.540	-0.12%
Jun 26, 2014	8.550	8.550	8.550	8.550	0.00%
Jun 25, 2014	8.550	8.550	8.550	8.550	0.00%
Jun 24, 2014	8.550	8.550	8.550	8.550	0.12%
Jun 23, 2014	8.540	8.540	8.540	8.540	0.12%
Jun 20, 2014	8.530	8.530	8.530	8.530	-0.35%
Jun 19, 2014	8.560	8.560	8.560	8.560	0.00%
Jun 18, 2014	8.560	8.560	8.560	8.560	-0.12%
Jun 17, 2014	8.570	8.570	8.570	8.570	-0.35%
Jun 16, 2014	8.600	8.600	8.600	8.600	0.58%
Jun 13, 2014	8.550	8.550	8.550	8.550	0.71%
Jun 12, 2014	8.490	8.490	8.490	8.490	-0.47%
Jun 11, 2014	8.530	8.530	8.530	8.530	0.47%
Jun 10, 2014	8.490	8.490	8.490	8.490	0.00%
Jun 09, 2014	8.490	8.490	8.490	8.490	0.12%
Jun 06, 2014	8.480	8.480	8.480	8.480	-0.35%
Jun 05, 2014	8.510	8.510	8.510	8.510	-0.23%
Jun 04, 2014	8.530	8.530	8.530	8.530	0.35%
Jun 03, 2014	8.500	8.500	8.500	8.500	-1.05%
Jun 02, 2014	8.590	8.590	8.590	8.590	0.59%
May 30, 2014	8.540	8.540	8.540	8.540	-0.81%
May 29, 2014	8.610	8.610	8.610	8.610	-0.35%
May 28, 2014	8.640	8.640	8.640	8.640	0.35%
May 27, 2014	8.610	8.610	8.610	8.610	0.35%
May 26, 2014	8.580	8.580	8.580	8.580	0.12%
May 25, 2014	8.570	8.570	8.570	8.570	0.00%
May 23, 2014	8.570	8.570	8.570	8.570	-0.23%
May 22, 2014	8.590	8.590	8.590	8.590	-0.81%
May 21, 2014	8.660	8.660	8.660	8.660	-0.46%
May 20, 2014	8.700	8.700	8.700	8.700	-0.23%
May 19, 2014	8.720	8.720	8.720	8.720	-0.91%
May 16, 2014	8.800	8.800	8.800	8.800	-0.45%
May 15, 2014	8.840	8.840	8.840	8.840	-0.11%
May 13, 2014	8.850	8.850	8.850	8.850	0.45%
May 12, 2014	8.810	8.810	8.810	8.810	-0.23%
May 09, 2014	8.830	8.830	8.830	8.830	0.23%
May 08, 2014	8.810	8.810	8.810	8.810	-0.11%
May 07, 2014	8.820	8.820	8.820	8.820	0.00%
May 06, 2014	8.820	8.820	8.820	8.820	0.11%
May 05, 2014	8.810	8.810	8.810	8.810	-0.68%
May 02, 2014	8.870	8.870	8.870	8.870	-0.22%
Apr 30, 2014	8.890	8.890	8.890	8.890	0.11%
Apr 29, 2014	8.880	8.880	8.880	8.880	-0.11%
Apr 28, 2014	8.890	8.890	8.890	8.890	0.34%
Apr 25, 2014	8.860	8.860	8.860	8.860	0.23%
Apr 23, 2014	8.840	8.840	8.840	8.840	0.00%
Apr 22, 2014	8.840	8.840	8.840	8.840	0.23%
Apr 21, 2014	8.820	8.820	8.820	8.820	-0.11%
Apr 17, 2014	8.830	8.830	8.830	8.830	-0.56%
Apr 16, 2014	8.880	8.880	8.880	8.880	0.23%
Apr 15, 2014	8.860	8.860	8.860	8.860	0.11%
Apr 11, 2014	8.850	8.850	8.850	8.850	-0.11%
Apr 10, 2014	8.860	8.860	8.860	8.860	-0.23%
Apr 09, 2014	8.880	8.880	8.880	8.880	0.68%
Apr 07, 2014	8.820	8.820	8.820	8.820	0.00%
Apr 04, 2014	8.820	8.820	8.820	8.820	-0.23%
Apr 03, 2014	8.840	8.840	8.840	8.840	-0.56%
Apr 02, 2014	8.890	8.890	8.890	8.890	3.98%
Apr 01, 2014	8.550	8.550	8.550	8.550	0.00%
Mar 28, 2014	8.550	8.550	8.550	8.550	-3.61%
Mar 27, 2014	8.870	8.870	8.870	8.870	-0.11%
Mar 26, 2014	8.880	8.880	8.880	8.880	0.23%
Mar 25, 2014	8.860	8.860	8.860	8.860	-0.45%
Mar 24, 2014	8.900	8.900	8.900	8.900	0.91%
Mar 21, 2014	8.820	8.820	8.820	8.820	-2.43%
Mar 20, 2014	9.040	9.040	9.040	9.040	-0.66%
Mar 19, 2014	9.100	9.100	9.100	9.100	-0.98%
Mar 18, 2014	9.190	9.190	9.190	9.190	0.11%
Mar 14, 2014	9.180	9.180	9.180	9.180	-0.22%
Mar 13, 2014	9.200	9.200	9.200	9.200	-0.33%
Mar 12, 2014	9.230	9.230	9.230	9.230	0.54%
Mar 11, 2014	9.180	9.180	9.180	9.180	0.22%
Mar 10, 2014	9.160	9.160	9.160	9.160	-0.22%
Mar 09, 2014	9.180	9.180	9.180	9.180	0.00%
Mar 07, 2014	9.180	9.180	9.180	9.180	0.11%
Mar 06, 2014	9.170	9.170	9.170	9.170	-0.22%
Mar 05, 2014	9.190	9.190	9.190	9.190	0.22%
Mar 04, 2014	9.170	9.170	9.170	9.170	0.55%
Mar 03, 2014	9.120	9.120	9.120	9.120	-0.22%
Feb 28, 2014	9.140	9.140	9.140	9.140	-0.11%
Feb 26, 2014	9.150	9.150	9.150	9.150	1.33%
Feb 25, 2014	9.030	9.030	9.030	9.030	0.11%
Feb 24, 2014	9.020	9.020	9.020	9.020	-0.44%
Feb 21, 2014	9.060	9.060	9.060	9.060	-0.11%
Feb 20, 2014	9.070	9.070	9.070	9.070	0.22%
Feb 18, 2014	9.050	9.050	9.050	9.050	-0.11%
Feb 17, 2014	9.060	9.060	9.060	9.060	0.11%
Feb 14, 2014	9.050	9.050	9.050	9.050	-0.55%
Feb 13, 2014	9.100	9.100	9.100	9.100	0.78%
Feb 12, 2014	9.030	9.030	9.030	9.030	0.44%
Feb 11, 2014	8.990	8.990	8.990	8.990	0.45%
Feb 10, 2014	8.950	8.950	8.950	8.950	-0.11%
Feb 07, 2014	8.960	8.960	8.960	8.960	0.22%
Feb 06, 2014	8.940	8.940	8.940	8.940	-0.11%
Feb 05, 2014	8.950	8.950	8.950	8.950	0.22%
Feb 04, 2014	8.930	8.930	8.930	8.930	0.22%
Feb 03, 2014	8.910	8.910	8.910	8.910	-0.11%
Feb 01, 2014	8.920	8.920	8.920	8.920	0.00%
Jan 31, 2014	8.920	8.920	8.920	8.920	0.00%
Jan 30, 2014	8.920	8.920	8.920	8.920	0.00%
Jan 29, 2014	8.920	8.920	8.920	8.920	0.68%
Jan 28, 2014	8.860	8.860	8.860	8.860	1.37%
Jan 27, 2014	8.740	8.740	8.740	8.740	0.11%
Jan 24, 2014	8.730	8.730	8.730	8.730	0.23%
Jan 23, 2014	8.710	8.710	8.710	8.710	0.00%
Jan 22, 2014	8.710	8.710	8.710	8.710	1.16%
Jan 21, 2014	8.610	8.610	8.610	8.610	-1.26%
Jan 20, 2014	8.720	8.720	8.720	8.720	0.23%
Jan 17, 2014	8.700	8.700	8.700	8.700	-0.11%
Jan 16, 2014	8.710	8.710	8.710	8.710	0.23%
Jan 15, 2014	8.690	8.690	8.690	8.690	-0.34%
Jan 13, 2014	8.720	8.720	8.720	8.720	0.00%
Jan 10, 2014	8.720	8.720	8.720	8.720	-0.23%
Jan 09, 2014	8.740	8.740	8.740	8.740	0.23%
Jan 08, 2014	8.720	8.720	8.720	8.720	0.00%
Jan 07, 2014	8.720	8.720	8.720	8.720	0.46%
Jan 06, 2014	8.680	8.680	8.680	8.680	-0.34%
Jan 03, 2014	8.710	8.710	8.710	8.710	0.35%
Jan 02, 2014	8.680	8.680	8.680	8.680	2.24%
Jan 01, 2014	8.490	8.490	8.490	8.490	-0.47%
Dec 31, 2013	8.530	8.530	8.530	8.530	-1.84%
Dec 30, 2013	8.690	8.690	8.690	8.690	0.12%
Dec 28, 2013	8.680	8.680	8.680	8.680	0.00%
Dec 27, 2013	8.680	8.680	8.680	8.680	0.00%
Dec 26, 2013	8.680	8.680	8.680	8.680	-0.46%
Dec 25, 2013	8.720	8.720	8.720	8.720	0.00%
Dec 24, 2013	8.720	8.720	8.720	8.720	0.46%
Dec 23, 2013	8.680	8.680	8.680	8.680	0.46%
Dec 21, 2013	8.640	8.640	8.640	8.640	0.00%
Dec 20, 2013	8.640	8.640	8.640	8.640	0.00%
Dec 19, 2013	8.640	8.640	8.640	8.640	0.12%
Dec 18, 2013	8.630	8.630	8.630	8.630	-0.80%
Dec 17, 2013	8.700	8.700	8.700	8.700	-0.46%
Dec 16, 2013	8.740	8.740	8.740	8.740	0.34%
Dec 13, 2013	8.710	8.710	8.710	8.710	-0.11%
Dec 12, 2013	8.720	8.720	8.720	8.720	-0.46%
Dec 11, 2013	8.760	8.760	8.760	8.760	0.11%
Dec 10, 2013	8.750	8.750	8.750	8.750	-0.11%
Dec 09, 2013	8.760	8.760	8.760	8.760	0.69%
Dec 06, 2013	8.700	8.700	8.700	8.700	0.81%
Dec 05, 2013	8.630	8.630	8.630	8.630	-0.46%
Dec 04, 2013	8.670	8.670	8.670	8.670	-0.12%
Dec 03, 2013	8.680	8.680	8.680	8.680	-1.36%
Dec 02, 2013	8.800	8.800	8.800	8.800	-0.79%
Nov 29, 2013	8.870	8.870	8.870	8.870	-0.45%
Nov 28, 2013	8.910	8.910	8.910	8.910	-0.67%
Nov 27, 2013	8.970	8.970	8.970	8.970	0.00%
Nov 26, 2013	8.970	8.970	8.970	8.970	0.00%
Nov 25, 2013	8.970	8.970	8.970	8.970	0.00%
Nov 22, 2013	8.970	8.970	8.970	8.970	0.11%
Nov 21, 2013	8.960	8.960	8.960	8.960	-0.11%
Nov 20, 2013	8.970	8.970	8.970	8.970	0.56%
Nov 19, 2013	8.920	8.920	8.920	8.920	-0.22%
Nov 18, 2013	8.940	8.940	8.940	8.940	0.22%
Nov 17, 2013	8.920	8.920	8.920	8.920	0.00%
Nov 15, 2013	8.920	8.920	8.920	8.920	0.00%
Nov 14, 2013	8.920	8.920	8.920	8.920	-0.34%
Nov 13, 2013	8.950	8.950	8.950	8.950	0.56%
Nov 12, 2013	8.900	8.900	8.900	8.900	1.71%
Nov 11, 2013	8.750	8.750	8.750	8.750	0.81%
Nov 08, 2013	8.680	8.680	8.680	8.680	0.58%
Nov 07, 2013	8.630	8.630	8.630	8.630	0.00%
Nov 06, 2013	8.630	8.630	8.630	8.630	0.00%
Nov 05, 2013	8.630	8.630	8.630	8.630	0.00%
Nov 04, 2013	8.630	8.630	8.630	8.630	0.00%
Nov 03, 2013	8.630	8.630	8.630	8.630	0.00%
Nov 01, 2013	8.630	8.630	8.630	8.630	-0.23%
Oct 31, 2013	8.650	8.650	8.650	8.650	0.12%
Oct 30, 2013	8.640	8.640	8.640	8.640	-0.35%
Oct 29, 2013	8.670	8.670	8.670	8.670	-1.03%
Oct 28, 2013	8.760	8.760	8.760	8.760	-0.11%
Oct 27, 2013	8.770	8.770	8.770	8.770	0.00%
Oct 25, 2013	8.770	8.770	8.770	8.770	0.23%
Oct 24, 2013	8.750	8.750	8.750	8.750	-0.46%
Oct 23, 2013	8.790	8.790	8.790	8.790	-0.23%
Oct 22, 2013	8.810	8.810	8.810	8.810	-0.11%
Oct 21, 2013	8.820	8.820	8.820	8.820	0.23%
Oct 18, 2013	8.800	8.800	8.800	8.800	-1.12%
Oct 17, 2013	8.900	8.900	8.900	8.900	-0.34%
Oct 16, 2013	8.930	8.930	8.930	8.930	0.00%
Oct 15, 2013	8.930	8.930	8.930	8.930	0.56%
Oct 14, 2013	8.880	8.880	8.880	8.880	0.11%
Oct 11, 2013	8.870	8.870	8.870	8.870	-0.11%
Oct 10, 2013	8.880	8.880	8.880	8.880	0.00%
Oct 09, 2013	8.880	8.880	8.880	8.880	0.23%
Oct 08, 2013	8.860	8.860	8.860	8.860	-5.54%
Oct 07, 2013	9.380	9.380	9.380	9.380	-0.53%
Oct 04, 2013	9.430	9.430	9.430	9.430	-0.74%
Oct 03, 2013	9.500	9.500	9.500	9.500	-0.94%
Oct 02, 2013	9.590	9.590	9.590	9.590	0.00%
Oct 01, 2013	9.590	9.590	9.590	9.590	-0.21%
Sep 30, 2013	9.610	9.610	9.610	9.610	-0.41%
Sep 29, 2013	9.650	9.650	9.650	9.650	0.00%
Sep 27, 2013	9.650	9.650	9.650	9.650	0.10%
Sep 26, 2013	9.640	9.640	9.640	9.640	-0.10%
Sep 25, 2013	9.650	9.650	9.650	9.650	-0.92%
Sep 24, 2013	9.740	9.740	9.740	9.740	-0.61%
Sep 23, 2013	9.800	9.800	9.800	9.800	-0.41%
Sep 22, 2013	9.840	9.840	9.840	9.840	0.00%
Sep 20, 2013	9.840	9.840	9.840	9.840	-1.11%
Sep 19, 2013	9.950	9.950	9.950	9.950	-5.15%
Sep 18, 2013	10.490	10.490	10.490	10.490	-0.76%
Sep 17, 2013	10.570	10.570	10.570	10.570	-1.12%
Sep 16, 2013	10.690	10.690	10.690	10.690	0.28%
Sep 15, 2013	10.660	10.660	10.660	10.660	0.00%
Sep 13, 2013	10.660	10.660	10.660	10.660	0.95%
Sep 12, 2013	10.560	10.560	10.560	10.560	-0.28%
Sep 11, 2013	10.590	10.590	10.590	10.590	-1.49%
Sep 10, 2013	10.750	10.750	10.750	10.750	0.66%
Sep 09, 2013	10.680	10.680	10.680	10.680	0.00%
Sep 08, 2013	10.680	10.680	10.680	10.680	0.00%
Sep 07, 2013	10.680	10.680	10.680	10.680	0.00%
Sep 06, 2013	10.680	10.680	10.680	10.680	-0.65%
Sep 05, 2013	10.750	10.750	10.750	10.750	-4.53%
Sep 04, 2013	11.260	11.260	11.260	11.260	-0.27%
Sep 03, 2013	11.290	11.290	11.290	11.290	0.89%
Sep 02, 2013	11.190	11.190	11.190	11.190	0.09%
Sep 01, 2013	11.180	11.180	11.180	11.180	0.00%
Aug 30, 2013	11.180	11.180	11.180	11.180	-3.20%
Aug 29, 2013	11.550	11.550	11.550	11.550	-1.70%
Aug 28, 2013	11.750	11.750	11.750	11.750	3.34%
Aug 27, 2013	11.370	11.370	11.370	11.370	4.50%
Aug 26, 2013	10.880	10.880	10.880	10.880	-0.18%
Aug 23, 2013	10.900	10.900	10.900	10.900	-1.27%
Aug 22, 2013	11.040	11.040	11.040	11.040	-0.09%
Aug 21, 2013	11.050	11.050	11.050	11.050	-4.16%
Aug 20, 2013	11.530	11.530	11.530	11.530	-0.09%
Aug 19, 2013	11.540	11.540	11.540	11.540	1.85%
Aug 16, 2013	11.330	11.330	11.330	11.330	1.16%
Aug 15, 2013	11.200	11.200	11.200	11.200	0.00%
Aug 14, 2013	11.200	11.200	11.200	11.200	0.63%
Aug 13, 2013	11.130	11.130	11.130	11.130	1.09%
Aug 12, 2013	11.010	11.010	11.010	11.010	4.16%
Aug 11, 2013	10.570	10.570	10.570	10.570	0.00%
Aug 10, 2013	10.570	10.570	10.570	10.570	0.00%
Aug 09, 2013	10.570	10.570	10.570	10.570	0.00%
Aug 08, 2013	10.570	10.570	10.570	10.570	-1.03%
Aug 07, 2013	10.680	10.680	10.680	10.680	1.33%
Aug 06, 2013	10.540	10.540	10.540	10.540	3.13%
Aug 05, 2013	10.220	10.220	10.220	10.220	-2.94%
Aug 02, 2013	10.530	10.530	10.530	10.530	-1.13%
Aug 01, 2013	10.650	10.650	10.650	10.650	-3.79%
Jul 31, 2013	11.070	11.070	11.070	11.070	4.83%
Jul 30, 2013	10.560	10.560	10.560	10.560	-1.12%
Jul 29, 2013	10.680	10.680	10.680	10.680	-0.56%
Jul 26, 2013	10.740	10.740	10.740	10.740	1.51%
Jul 25, 2013	10.580	10.580	10.580	10.580	-4.68%
Jul 24, 2013	11.100	11.100	11.100	11.100	25.42%
Jul 23, 2013	8.850	8.850	8.850	8.850	2.31%
Jul 22, 2013	8.650	8.650	8.650	8.650	1.29%
Jul 19, 2013	8.540	8.540	8.540	8.540	-2.06%
Jul 18, 2013	8.720	8.720	8.720	8.720	-1.80%
Jul 17, 2013	8.880	8.880	8.880	8.880	-6.53%
Jul 16, 2013	9.500	9.500	9.500	9.500	26.84%
Jul 15, 2013	7.490	7.490	7.490	7.490	0.40%
Jul 12, 2013	7.460	7.460	7.460	7.460	-0.13%
Jul 11, 2013	7.470	7.470	7.470	7.470	-0.27%
Jul 10, 2013	7.490	7.490	7.490	7.490	0.27%
Jul 09, 2013	7.470	7.470	7.470	7.470	0.00%
Jul 08, 2013	7.470	7.470	7.470	7.470	0.95%
Jul 05, 2013	7.400	7.400	7.400	7.400	-1.20%
Jul 04, 2013	7.490	7.490	7.490	7.490	0.00%
Jul 03, 2013	7.490	7.490	7.490	7.490	0.27%
Jul 02, 2013	7.470	7.470	7.470	7.470	-0.27%
Jul 01, 2013	7.490	7.490	7.490	7.490	0.13%
Jun 28, 2013	7.480	7.480	7.480	7.480	-0.40%
Jun 27, 2013	7.510	7.510	7.510	7.510	0.13%
Jun 26, 2013	7.500	7.500	7.500	7.500	0.27%
Jun 25, 2013	7.480	7.480	7.480	7.480	0.27%
Jun 24, 2013	7.460	7.460	7.460	7.460	-0.13%
Jun 23, 2013	7.470	7.470	7.470	7.470	0.00%
Jun 21, 2013	7.470	7.470	7.470	7.470	0.13%
Jun 20, 2013	7.460	7.460	7.460	7.460	0.40%
Jun 19, 2013	7.430	7.430	7.430	7.430	0.54%
Jun 18, 2013	7.390	7.390	7.390	7.390	0.00%
Jun 17, 2013	7.390	7.390	7.390	7.390	-0.67%
Jun 16, 2013	7.440	7.440	7.440	7.440	0.00%
Jun 14, 2013	7.440	7.440	7.440	7.440	-0.40%
Jun 13, 2013	7.470	7.470	7.470	7.470	0.27%
Jun 12, 2013	7.450	7.450	7.450	7.450	0.13%
Jun 11, 2013	7.440	7.440	7.440	7.440	0.81%
Jun 10, 2013	7.380	7.380	7.380	7.380	0.27%
Jun 08, 2013	7.360	7.360	7.360	7.360	0.00%
Jun 07, 2013	7.360	7.360	7.360	7.360	-0.14%
Jun 06, 2013	7.370	7.370	7.370	7.370	0.27%
Jun 05, 2013	7.350	7.350	7.350	7.350	0.27%
Jun 04, 2013	7.330	7.330	7.330	7.330	0.00%
Jun 03, 2013	7.330	7.330	7.330	7.330	-0.27%
May 31, 2013	7.350	7.350	7.350	7.350	0.41%
May 30, 2013	7.320	7.320	7.320	7.320	-0.14%
May 29, 2013	7.330	7.330	7.330	7.330	0.55%
May 28, 2013	7.290	7.290	7.290	7.290	0.14%
May 27, 2013	7.280	7.280	7.280	7.280	-0.27%
May 25, 2013	7.300	7.300	7.300	7.300	0.00%
May 24, 2013	7.300	7.300	7.300	7.300	0.14%
May 23, 2013	7.290	7.290	7.290	7.290	0.14%
May 22, 2013	7.280	7.280	7.280	7.280	0.14%
May 21, 2013	7.270	7.270	7.270	7.270	0.00%
May 20, 2013	7.270	7.270	7.270	7.270	0.41%
May 17, 2013	7.240	7.240	7.240	7.240	-0.69%
May 16, 2013	7.290	7.290	7.290	7.290	-0.82%
May 15, 2013	7.350	7.350	7.350	7.350	-0.94%
May 14, 2013	7.420	7.420	7.420	7.420	-0.40%
May 13, 2013	7.450	7.450	7.450	7.450	-0.13%
May 10, 2013	7.460	7.460	7.460	7.460	-0.27%
May 09, 2013	7.480	7.480	7.480	7.480	-0.40%
May 08, 2013	7.510	7.510	7.510	7.510	-0.40%
May 07, 2013	7.540	7.540	7.540	7.540	0.13%
May 06, 2013	7.530	7.530	7.530	7.530	-0.26%
May 03, 2013	7.550	7.550	7.550	7.550	-0.13%
May 02, 2013	7.560	7.560	7.560	7.560	-0.13%
May 01, 2013	7.570	7.570	7.570	7.570	0.00%
Apr 30, 2013	7.570	7.570	7.570	7.570	-0.13%
Apr 29, 2013	7.580	7.580	7.580	7.580	-0.13%
Apr 26, 2013	7.590	7.590	7.590	7.590	-0.39%
Apr 25, 2013	7.620	7.620	7.620	7.620	-0.78%
Apr 24, 2013	7.680	7.680	7.680	7.680	0.00%
Apr 23, 2013	7.680	7.680	7.680	7.680	0.00%
Apr 22, 2013	7.680	7.680	7.680	7.680	-0.13%
Apr 19, 2013	7.690	7.690	7.690	7.690	0.00%
Apr 18, 2013	7.690	7.690	7.690	7.690	-0.65%
Apr 17, 2013	7.740	7.740	7.740	7.740	-0.39%
Apr 16, 2013	7.770	7.770	7.770	7.770	-0.64%
Apr 15, 2013	7.820	7.820	7.820	7.820	-0.26%
Apr 13, 2013	7.840	7.840	7.840	7.840	0.00%
Apr 12, 2013	7.840	7.840	7.840	7.840	0.00%
Apr 11, 2013	7.840	7.840	7.840	7.840	0.00%
Apr 10, 2013	7.840	7.840	7.840	7.840	-0.25%
Apr 09, 2013	7.860	7.860	7.860	7.860	0.13%
Apr 08, 2013	7.850	7.850	7.850	7.850	0.00%
Apr 06, 2013	7.850	7.850	7.850	7.850	0.00%
Apr 05, 2013	7.850	7.850	7.850	7.850	0.00%
Apr 04, 2013	7.850	7.850	7.850	7.850	0.00%
Apr 03, 2013	7.850	7.850	7.850	7.850	-0.13%
Apr 02, 2013	7.860	7.860	7.860	7.860	-1.26%
Mar 29, 2013	7.960	7.960	7.960	7.960	0.00%
Mar 28, 2013	7.960	7.960	7.960	7.960	-1.24%
Mar 27, 2013	8.060	8.060	8.060	8.060	0.00%
Mar 26, 2013	8.060	8.060	8.060	8.060	0.62%
Mar 25, 2013	8.010	8.010	8.010	8.010	0.13%
Mar 23, 2013	8.000	8.000	8.000	8.000	0.00%
Mar 22, 2013	8.000	8.000	8.000	8.000	0.00%
Mar 21, 2013	8.000	8.000	8.000	8.000	0.88%
Mar 20, 2013	7.930	7.930	7.930	7.930	0.00%
Mar 19, 2013	7.930	7.930	7.930	7.930	-2.10%
Mar 18, 2013	8.100	8.100	8.100	8.100	0.00%
Mar 17, 2013	8.100	8.100	8.100	8.100	0.00%
Mar 15, 2013	8.100	8.100	8.100	8.100	-0.12%
Mar 14, 2013	8.110	8.110	8.110	8.110	0.00%
Mar 13, 2013	8.110	8.110	8.110	8.110	0.00%
Mar 12, 2013	8.110	8.110	8.110	8.110	0.12%
Mar 11, 2013	8.100	8.100	8.100	8.100	-0.12%
Mar 09, 2013	8.110	8.110	8.110	8.110	0.00%
Mar 08, 2013	8.110	8.110	8.110	8.110	0.00%
Mar 07, 2013	8.110	8.110	8.110	8.110	-0.37%
Mar 06, 2013	8.140	8.140	8.140	8.140	0.00%
Mar 05, 2013	8.140	8.140	8.140	8.140	0.00%
Mar 04, 2013	8.140	8.140	8.140	8.140	-0.12%
Mar 02, 2013	8.150	8.150	8.150	8.150	0.00%
Mar 01, 2013	8.150	8.150	8.150	8.150	0.00%
Feb 28, 2013	8.150	8.150	8.150	8.150	0.37%
Feb 27, 2013	8.120	8.120	8.120	8.120	0.74%
Feb 26, 2013	8.060	8.060	8.060	8.060	0.37%
Feb 25, 2013	8.030	8.030	8.030	8.030	-0.12%
Feb 22, 2013	8.040	8.040	8.040	8.040	0.12%
Feb 21, 2013	8.030	8.030	8.030	8.030	0.00%
Feb 20, 2013	8.030	8.030	8.030	8.030	0.25%
Feb 19, 2013	8.010	8.010	8.010	8.010	0.00%
Feb 18, 2013	8.010	8.010	8.010	8.010	0.13%
Feb 17, 2013	8.000	8.000	8.000	8.000	0.00%
Feb 15, 2013	8.000	8.000	8.000	8.000	0.13%
Feb 14, 2013	7.990	7.990	7.990	7.990	0.00%
Feb 13, 2013	7.990	7.990	7.990	7.990	0.00%
Feb 12, 2013	7.990	7.990	7.990	7.990	0.13%
Feb 11, 2013	7.980	7.980	7.980	7.980	0.13%
Feb 09, 2013	7.970	7.970	7.970	7.970	0.00%
Feb 08, 2013	7.970	7.970	7.970	7.970	-0.13%
Feb 07, 2013	7.980	7.980	7.980	7.980	-0.13%
Feb 06, 2013	7.990	7.990	7.990	7.990	0.63%
Feb 05, 2013	7.940	7.940	7.940	7.940	-0.50%
Feb 04, 2013	7.980	7.980	7.980	7.980	0.13%
Feb 01, 2013	7.970	7.970	7.970	7.970	0.13%
Jan 31, 2013	7.960	7.960	7.960	7.960	0.00%
Jan 30, 2013	7.960	7.960	7.960	7.960	0.13%
Jan 29, 2013	7.950	7.950	7.950	7.950	-0.75%
Jan 28, 2013	8.010	8.010	8.010	8.010	0.13%
Jan 25, 2013	8.000	8.000	8.000	8.000	0.00%
Jan 24, 2013	8.000	8.000	8.000	8.000	0.25%
Jan 23, 2013	7.980	7.980	7.980	7.980	0.00%
Jan 22, 2013	7.980	7.980	7.980	7.980	0.13%
Jan 21, 2013	7.970	7.970	7.970	7.970	-0.25%
Jan 18, 2013	7.990	7.990	7.990	7.990	0.13%
Jan 17, 2013	7.980	7.980	7.980	7.980	0.00%
Jan 16, 2013	7.980	7.980	7.980	7.980	0.50%
Jan 15, 2013	7.940	7.940	7.940	7.940	0.00%
Jan 14, 2013	7.940	7.940	7.940	7.940	-1.24%
Jan 13, 2013	8.040	8.040	8.040	8.040	0.00%
Jan 12, 2013	8.040	8.040	8.040	8.040	0.00%
Jan 11, 2013	8.040	8.040	8.040	8.040	0.00%
Jan 10, 2013	8.040	8.040	8.040	8.040	-0.25%
Jan 09, 2013	8.060	8.060	8.060	8.060	0.00%
Jan 08, 2013	8.060	8.060	8.060	8.060	-0.62%
Jan 07, 2013	8.110	8.110	8.110	8.110	0.50%
Jan 05, 2013	8.070	8.070	8.070	8.070	0.00%
Jan 04, 2013	8.070	8.070	8.070	8.070	-0.37%
Jan 03, 2013	8.100	8.100	8.100	8.100	-0.37%
Jan 02, 2013	8.130	8.130	8.130	8.130	0.00%
Jan 01, 2013	8.130	8.130	8.130	8.130	-0.49%
Dec 31, 2012	8.170	8.170	8.170	8.170	-0.12%
Dec 30, 2012	8.180	8.180	8.180	8.180	0.00%
Dec 29, 2012	8.180	8.180	8.180	8.180	0.00%
Dec 28, 2012	8.180	8.180	8.180	8.180	0.00%
Dec 27, 2012	8.180	8.180	8.180	8.180	0.00%
Dec 26, 2012	8.180	8.180	8.180	8.180	0.00%
Dec 25, 2012	8.180	8.180	8.180	8.180	0.00%
Dec 24, 2012	8.180	8.180	8.180	8.180	0.37%
Dec 23, 2012	8.150	8.150	8.150	8.150	0.00%
Dec 22, 2012	8.150	8.150	8.150	8.150	0.00%
Dec 21, 2012	8.150	8.150	8.150	8.150	-0.12%
Dec 20, 2012	8.160	8.160	8.160	8.160	0.12%
Dec 19, 2012	8.150	8.150	8.150	8.150	0.00%
Dec 18, 2012	8.150	8.150	8.150	8.150	-0.12%
Dec 17, 2012	8.160	8.160	8.160	8.160	-0.12%
Dec 15, 2012	8.170	8.170	8.170	8.170	0.00%
Dec 14, 2012	8.170	8.170	8.170	8.170	0.12%
Dec 13, 2012	8.160	8.160	8.160	8.160	-0.24%
Dec 12, 2012	8.180	8.180	8.180	8.180	0.12%
Dec 11, 2012	8.170	8.170	8.170	8.170	0.00%
Dec 10, 2012	8.170	8.170	8.170	8.170	-0.12%
Dec 07, 2012	8.180	8.180	8.180	8.180	-0.12%
Dec 06, 2012	8.190	8.190	8.190	8.190	0.24%
Dec 05, 2012	8.170	8.170	8.170	8.170	-0.12%
Dec 04, 2012	8.180	8.180	8.180	8.180	0.25%
Dec 03, 2012	8.160	8.160	8.160	8.160	-0.24%
Dec 01, 2012	8.180	8.180	8.180	8.180	0.00%
Nov 30, 2012	8.180	8.180	8.180	8.180	0.00%
Nov 29, 2012	8.180	8.180	8.180	8.180	0.00%
Nov 28, 2012	8.180	8.180	8.180	8.180	0.00%
Nov 27, 2012	8.180	8.180	8.180	8.180	0.00%
Nov 26, 2012	8.180	8.180	8.180	8.180	0.12%
Nov 24, 2012	8.170	8.170	8.170	8.170	0.00%
Nov 23, 2012	8.170	8.170	8.170	8.170	-0.12%
Nov 22, 2012	8.180	8.180	8.180	8.180	0.00%
Nov 21, 2012	8.180	8.180	8.180	8.180	0.25%
Nov 20, 2012	8.160	8.160	8.160	8.160	0.00%
Nov 19, 2012	8.160	8.160	8.160	8.160	0.12%
Nov 17, 2012	8.150	8.150	8.150	8.150	0.00%
Nov 16, 2012	8.150	8.150	8.150	8.150	-0.24%
Nov 15, 2012	8.170	8.170	8.170	8.170	-0.24%
Nov 13, 2012	8.190	8.190	8.190	8.190	0.00%
Nov 12, 2012	8.190	8.190	8.190	8.190	0.37%
Nov 10, 2012	8.160	8.160	8.160	8.160	0.00%
Nov 09, 2012	8.160	8.160	8.160	8.160	0.12%
Nov 08, 2012	8.150	8.150	8.150	8.150	0.00%
Nov 07, 2012	8.150	8.150	8.150	8.150	-0.73%
Nov 06, 2012	8.210	8.210	8.210	8.210	0.86%
Nov 05, 2012	8.140	8.140	8.140	8.140	-0.73%
Nov 03, 2012	8.200	8.200	8.200	8.200	0.00%
Nov 02, 2012	8.200	8.200	8.200	8.200	0.00%
Nov 01, 2012	8.200	8.200	8.200	8.200	0.00%
Oct 31, 2012	8.200	8.200	8.200	8.200	0.74%
Oct 30, 2012	8.140	8.140	8.140	8.140	0.87%
Oct 29, 2012	8.070	8.070	8.070	8.070	-0.37%
Oct 26, 2012	8.100	8.100	8.100	8.100	0.00%
Oct 25, 2012	8.100	8.100	8.100	8.100	0.00%
Oct 24, 2012	8.100	8.100	8.100	8.100	0.00%
Oct 23, 2012	8.100	8.100	8.100	8.100	-0.37%
Oct 22, 2012	8.130	8.130	8.130	8.130	-0.12%
Oct 20, 2012	8.140	8.140	8.140	8.140	0.00%
Oct 19, 2012	8.140	8.140	8.140	8.140	-0.12%
Oct 18, 2012	8.150	8.150	8.150	8.150	0.62%
Oct 17, 2012	8.100	8.100	8.100	8.100	-0.49%
Oct 16, 2012	8.140	8.140	8.140	8.140	0.49%
Oct 15, 2012	8.100	8.100	8.100	8.100	0.00%
Oct 13, 2012	8.100	8.100	8.100	8.100	0.00%
Oct 12, 2012	8.100	8.100	8.100	8.100	0.00%
Oct 11, 2012	8.100	8.100	8.100	8.100	-0.61%
Oct 10, 2012	8.150	8.150	8.150	8.150	0.62%
Oct 09, 2012	8.100	8.100	8.100	8.100	0.25%
Oct 08, 2012	8.080	8.080	8.080	8.080	-0.25%
Oct 06, 2012	8.100	8.100	8.100	8.100	0.00%
Oct 05, 2012	8.100	8.100	8.100	8.100	0.00%
Oct 04, 2012	8.100	8.100	8.100	8.100	0.00%
Oct 03, 2012	8.100	8.100	8.100	8.100	-0.61%
Oct 02, 2012	8.150	8.150	8.150	8.150	0.00%
Oct 01, 2012	8.150	8.150	8.150	8.150	0.62%
Sep 29, 2012	8.100	8.100	8.100	8.100	0.00%
Sep 28, 2012	8.100	8.100	8.100	8.100	-0.61%
Sep 27, 2012	8.150	8.150	8.150	8.150	0.00%
Sep 26, 2012	8.150	8.150	8.150	8.150	0.00%
Sep 25, 2012	8.150	8.150	8.150	8.150	0.00%
Sep 24, 2012	8.150	8.150	8.150	8.150	0.00%
Sep 23, 2012	8.150	8.150	8.150	8.150	0.00%
Sep 22, 2012	8.150	8.150	8.150	8.150	0.00%
Sep 21, 2012	8.150	8.150	8.150	8.150	0.12%
Sep 20, 2012	8.140	8.140	8.140	8.140	0.00%
Sep 19, 2012	8.140	8.140	8.140	8.140	0.00%
Sep 18, 2012	8.140	8.140	8.140	8.140	-0.12%
Sep 17, 2012	8.150	8.150	8.150	8.150	-0.12%
Sep 15, 2012	8.160	8.160	8.160	8.160	0.00%
Sep 14, 2012	8.160	8.160	8.160	8.160	0.37%
Sep 13, 2012	8.130	8.130	8.130	8.130	-0.25%
Sep 12, 2012	8.150	8.150	8.150	8.150	0.00%
Sep 11, 2012	8.150	8.150	8.150	8.150	0.00%
Sep 10, 2012	8.150	8.150	8.150	8.150	-0.12%
Sep 08, 2012	8.160	8.160	8.160	8.160	0.00%
Sep 07, 2012	8.160	8.160	8.160	8.160	0.25%
Sep 06, 2012	8.140	8.140	8.140	8.140	-0.73%
Sep 05, 2012	8.200	8.200	8.200	8.200	0.00%
Sep 04, 2012	8.200	8.200	8.200	8.200	0.00%
Sep 03, 2012	8.200	8.200	8.200	8.200	-0.36%
Sep 01, 2012	8.230	8.230	8.230	8.230	0.00%
Aug 31, 2012	8.230	8.230	8.230	8.230	-0.12%
Aug 30, 2012	8.240	8.240	8.240	8.240	-0.12%
Aug 29, 2012	8.250	8.250	8.250	8.250	0.00%
Aug 28, 2012	8.250	8.250	8.250	8.250	0.00%
Aug 27, 2012	8.250	8.250	8.250	8.250	-0.12%
Aug 25, 2012	8.260	8.260	8.260	8.260	0.00%
Aug 24, 2012	8.260	8.260	8.260	8.260	0.36%
Aug 23, 2012	8.230	8.230	8.230	8.230	-0.24%
Aug 22, 2012	8.250	8.250	8.250	8.250	0.24%
Aug 21, 2012	8.230	8.230	8.230	8.230	-0.84%
Aug 18, 2012	8.300	8.300	8.300	8.300	0.00%
Aug 17, 2012	8.300	8.300	8.300	8.300	0.12%
Aug 16, 2012	8.290	8.290	8.290	8.290	-0.12%
Aug 15, 2012	8.300	8.300	8.300	8.300	0.00%
Aug 14, 2012	8.300	8.300	8.300	8.300	0.61%
Aug 13, 2012	8.250	8.250	8.250	8.250	0.36%
Aug 11, 2012	8.220	8.220	8.220	8.220	0.00%
Aug 10, 2012	8.220	8.220	8.220	8.220	-0.36%
Aug 09, 2012	8.250	8.250	8.250	8.250	-0.24%
Aug 08, 2012	8.270	8.270	8.270	8.270	0.24%
Aug 07, 2012	8.250	8.250	8.250	8.250	-0.24%
Aug 06, 2012	8.270	8.270	8.270	8.270	-0.36%
Aug 05, 2012	8.300	8.300	8.300	8.300	0.00%
Aug 04, 2012	8.300	8.300	8.300	8.300	0.00%
Aug 03, 2012	8.300	8.300	8.300	8.300	0.73%
Aug 02, 2012	8.240	8.240	8.240	8.240	-0.12%
Aug 01, 2012	8.250	8.250	8.250	8.250	0.61%
Jul 31, 2012	8.200	8.200	8.200	8.200	0.61%
Jul 30, 2012	8.150	8.150	8.150	8.150	0.00%
Jul 28, 2012	8.150	8.150	8.150	8.150	0.00%
Jul 27, 2012	8.150	8.150	8.150	8.150	0.00%
Jul 26, 2012	8.150	8.150	8.150	8.150	-0.61%
Jul 25, 2012	8.200	8.200	8.200	8.200	0.61%
Jul 24, 2012	8.150	8.150	8.150	8.150	-0.61%
Jul 23, 2012	8.200	8.200	8.200	8.200	0.00%
Jul 21, 2012	8.200	8.200	8.200	8.200	0.00%
Jul 20, 2012	8.200	8.200	8.200	8.200	0.00%
Jul 19, 2012	8.200	8.200	8.200	8.200	0.00%
Jul 18, 2012	8.200	8.200	8.200	8.200	-0.61%
Jul 17, 2012	8.250	8.250	8.250	8.250	0.00%
Jul 16, 2012	8.250	8.250	8.250	8.250	0.12%
Jul 14, 2012	8.240	8.240	8.240	8.240	0.00%
Jul 13, 2012	8.240	8.240	8.240	8.240	0.49%
Jul 12, 2012	8.200	8.200	8.200	8.200	-0.24%
Jul 11, 2012	8.220	8.220	8.220	8.220	-0.36%
Jul 10, 2012	8.250	8.250	8.250	8.250	0.00%
Jul 09, 2012	8.250	8.250	8.250	8.250	0.00%
Jul 08, 2012	8.250	8.250	8.250	8.250	0.00%
Jul 07, 2012	8.250	8.250	8.250	8.250	0.00%
Jul 06, 2012	8.250	8.250	8.250	8.250	0.00%
Jul 05, 2012	8.250	8.250	8.250	8.250	-0.60%
Jul 04, 2012	8.300	8.300	8.300	8.300	-0.60%
Jul 03, 2012	8.350	8.350	8.350	8.350	0.60%
Jul 02, 2012	8.300	8.300	8.300	8.300	-0.12%
Jul 01, 2012	8.310	8.310	8.310	8.310	0.00%
Jun 30, 2012	8.310	8.310	8.310	8.310	0.00%
Jun 29, 2012	8.310	8.310	8.310	8.310	-0.48%
Jun 28, 2012	8.350	8.350	8.350	8.350	0.00%
Jun 27, 2012	8.350	8.350	8.350	8.350	0.60%
Jun 26, 2012	8.300	8.300	8.300	8.300	0.00%
Jun 25, 2012	8.300	8.300	8.300	8.300	0.00%
Jun 23, 2012	8.300	8.300	8.300	8.300	0.00%
Jun 22, 2012	8.300	8.300	8.300	8.300	0.00%
Jun 21, 2012	8.300	8.300	8.300	8.300	0.00%
Jun 20, 2012	8.300	8.300	8.300	8.300	0.00%
Jun 19, 2012	8.300	8.300	8.300	8.300	-0.60%
Jun 18, 2012	8.350	8.350	8.350	8.350	2.45%
Jun 16, 2012	8.150	8.150	8.150	8.150	0.00%
Jun 15, 2012	8.150	8.150	8.150	8.150	0.00%
Jun 14, 2012	8.150	8.150	8.150	8.150	-0.61%
Jun 13, 2012	8.200	8.200	8.200	8.200	-0.24%
Jun 12, 2012	8.220	8.220	8.220	8.220	-0.36%
Jun 11, 2012	8.250	8.250	8.250	8.250	0.36%
Jun 09, 2012	8.220	8.220	8.220	8.220	0.00%
Jun 08, 2012	8.220	8.220	8.220	8.220	-0.96%
Jun 07, 2012	8.300	8.300	8.300	8.300	0.00%
Jun 06, 2012	8.300	8.300	8.300	8.300	0.00%
Jun 05, 2012	8.300	8.300	8.300	8.300	0.00%
Jun 04, 2012	8.300	8.300	8.300	8.300	0.36%
Jun 02, 2012	8.270	8.270	8.270	8.270	0.00%
Jun 01, 2012	8.270	8.270	8.270	8.270	-0.96%
May 31, 2012	8.350	8.350	8.350	8.350	-0.36%
May 30, 2012	8.380	8.380	8.380	8.380	-0.24%
May 29, 2012	8.400	8.400	8.400	8.400	0.00%
May 28, 2012	8.400	8.400	8.400	8.400	0.00%
May 26, 2012	8.400	8.400	8.400	8.400	0.00%
May 25, 2012	8.400	8.400	8.400	8.400	0.00%
May 24, 2012	8.400	8.400	8.400	8.400	-0.47%
May 23, 2012	8.440	8.440	8.440	8.440	-0.12%
May 22, 2012	8.450	8.450	8.450	8.450	0.60%
May 21, 2012	8.400	8.400	8.400	8.400	0.00%
May 19, 2012	8.400	8.400	8.400	8.400	0.00%
May 18, 2012	8.400	8.400	8.400	8.400	0.00%
May 17, 2012	8.400	8.400	8.400	8.400	0.00%
May 16, 2012	8.400	8.400	8.400	8.400	-0.59%
May 15, 2012	8.450	8.450	8.450	8.450	0.60%
May 14, 2012	8.400	8.400	8.400	8.400	0.00%
May 12, 2012	8.400	8.400	8.400	8.400	0.00%
May 11, 2012	8.400	8.400	8.400	8.400	-0.59%
May 10, 2012	8.450	8.450	8.450	8.450	0.00%
May 09, 2012	8.450	8.450	8.450	8.450	0.00%
May 08, 2012	8.450	8.450	8.450	8.450	0.60%
May 07, 2012	8.400	8.400	8.400	8.400	-0.59%
May 06, 2012	8.450	8.450	8.450	8.450	0.00%
May 05, 2012	8.450	8.450	8.450	8.450	0.00%
May 04, 2012	8.450	8.450	8.450	8.450	0.00%
May 03, 2012	8.450	8.450	8.450	8.450	0.60%
May 02, 2012	8.400	8.400	8.400	8.400	0.00%
May 01, 2012	8.400	8.400	8.400	8.400	0.00%
Apr 30, 2012	8.400	8.400	8.400	8.400	0.00%
Apr 28, 2012	8.400	8.400	8.400	8.400	0.00%
Apr 27, 2012	8.400	8.400	8.400	8.400	0.00%
Apr 26, 2012	8.400	8.400	8.400	8.400	0.00%
Apr 25, 2012	8.400	8.400	8.400	8.400	0.00%
Apr 24, 2012	8.400	8.400	8.400	8.400	0.00%
Apr 23, 2012	8.400	8.400	8.400	8.400	0.60%
Apr 21, 2012	8.350	8.350	8.350	8.350	0.00%
Apr 20, 2012	8.350	8.350	8.350	8.350	0.00%
Apr 19, 2012	8.350	8.350	8.350	8.350	0.00%
Apr 18, 2012	8.350	8.350	8.350	8.350	0.60%
Apr 17, 2012	8.300	8.300	8.300	8.300	-3.49%
Apr 16, 2012	8.600	8.600	8.600	8.600	-0.58%
Apr 14, 2012	8.650	8.650	8.650	8.650	0.00%
Apr 13, 2012	8.650	8.650	8.650	8.650	-0.57%
Apr 12, 2012	8.700	8.700	8.700	8.700	-1.14%
Apr 11, 2012	8.800	8.800	8.800	8.800	0.57%
Apr 10, 2012	8.750	8.750	8.750	8.750	0.00%
Apr 09, 2012	8.750	8.750	8.750	8.750	0.00%
Apr 08, 2012	8.750	8.750	8.750	8.750	0.00%
Apr 05, 2012	8.750	8.750	8.750	8.750	0.00%
Apr 04, 2012	8.750	8.750	8.750	8.750	-2.78%
Apr 03, 2012	9.000	9.000	9.000	9.000	0.56%
Mar 31, 2012	8.950	8.950	8.950	8.950	0.00%
Mar 30, 2012	8.950	8.950	8.950	8.950	-0.56%
Mar 29, 2012	9.000	9.000	9.000	9.000	0.00%
Mar 28, 2012	9.000	9.000	9.000	9.000	0.00%
Mar 27, 2012	9.000	9.000	9.000	9.000	0.00%
Mar 26, 2012	9.000	9.000	9.000	9.000	0.00%
Mar 23, 2012	9.000	9.000	9.000	9.000	0.00%
Mar 22, 2012	9.000	9.000	9.000	9.000	0.00%
Mar 21, 2012	9.000	9.000	9.000	9.000	0.00%
Mar 20, 2012	9.000	9.000	9.000	9.000	0.00%
Mar 19, 2012	9.000	9.000	9.000	9.000	0.00%
Mar 17, 2012	9.000	9.000	9.000	9.000	0.00%
Mar 16, 2012	9.000	9.000	9.000	9.000	0.00%
Mar 15, 2012	9.000	9.000	9.000	9.000	0.56%
Mar 14, 2012	8.950	8.950	8.950	8.950	-0.56%
Mar 13, 2012	9.000	9.000	9.000	9.000	0.56%
Mar 12, 2012	8.950	8.950	8.950	8.950	-1.10%
Mar 10, 2012	9.050	9.050	9.050	9.050	0.00%
Mar 09, 2012	9.050	9.050	9.050	9.050	0.33%
Mar 08, 2012	9.020	9.020	9.020	9.020	0.00%
Mar 07, 2012	9.020	9.020	9.020	9.020	0.22%
Mar 06, 2012	9.000	9.000	9.000	9.000	-0.22%
Mar 05, 2012	9.020	9.020	9.020	9.020	-0.33%
Mar 03, 2012	9.050	9.050	9.050	9.050	0.00%
Mar 02, 2012	9.050	9.050	9.050	9.050	0.00%
Mar 01, 2012	9.050	9.050	9.050	9.050	0.00%
Feb 29, 2012	9.050	9.050	9.050	9.050	0.56%
Feb 28, 2012	9.000	9.000	9.000	9.000	0.00%
Feb 27, 2012	9.000	9.000	9.000	9.000	0.00%
Feb 25, 2012	9.000	9.000	9.000	9.000	0.00%
Feb 24, 2012	9.000	9.000	9.000	9.000	0.11%
Feb 23, 2012	8.990	8.990	8.990	8.990	0.00%
Feb 22, 2012	8.990	8.990	8.990	8.990	0.45%
Feb 21, 2012	8.950	8.950	8.950	8.950	0.00%
Feb 19, 2012	8.950	8.950	8.950	8.950	0.00%
Feb 18, 2012	8.950	8.950	8.950	8.950	0.00%
Feb 17, 2012	8.950	8.950	8.950	8.950	0.56%
Feb 16, 2012	8.900	8.900	8.900	8.900	0.00%
Feb 15, 2012	8.900	8.900	8.900	8.900	-0.56%
Feb 14, 2012	8.950	8.950	8.950	8.950	1.13%
Feb 13, 2012	8.850	8.850	8.850	8.850	-0.56%
Feb 11, 2012	8.900	8.900	8.900	8.900	0.00%
Feb 10, 2012	8.900	8.900	8.900	8.900	0.00%
Feb 09, 2012	8.900	8.900	8.900	8.900	-0.56%
Feb 08, 2012	8.950	8.950	8.950	8.950	1.70%
Feb 07, 2012	8.800	8.800	8.800	8.800	0.00%
Feb 06, 2012	8.800	8.800	8.800	8.800	0.00%
Feb 03, 2012	8.800	8.800	8.800	8.800	-0.56%
Feb 02, 2012	8.850	8.850	8.850	8.850	0.00%
Feb 01, 2012	8.850	8.850	8.850	8.850	1.37%
Jan 31, 2012	8.730	8.730	8.730	8.730	-0.23%
Jan 30, 2012	8.750	8.750	8.750	8.750	0.00%
Jan 27, 2012	8.750	8.750	8.750	8.750	0.00%
Jan 25, 2012	8.750	8.750	8.750	8.750	1.74%
Jan 24, 2012	8.600	8.600	8.600	8.600	-0.58%
Jan 23, 2012	8.650	8.650	8.650	8.650	0.00%
Jan 20, 2012	8.650	8.650	8.650	8.650	0.00%
Jan 19, 2012	8.650	8.650	8.650	8.650	0.58%
Jan 18, 2012	8.600	8.600	8.600	8.600	0.58%
Jan 17, 2012	8.550	8.550	8.550	8.550	-0.58%
Jan 16, 2012	8.600	8.600	8.600	8.600	0.58%
Jan 13, 2012	8.550	8.550	8.550	8.550	0.59%
Jan 12, 2012	8.500	8.500	8.500	8.500	0.00%
Jan 11, 2012	8.500	8.500	8.500	8.500	0.59%
Jan 10, 2012	8.450	8.450	8.450	8.450	0.00%
Jan 09, 2012	8.450	8.450	8.450	8.450	0.00%
Jan 06, 2012	8.450	8.450	8.450	8.450	-0.59%
Jan 05, 2012	8.500	8.500	8.500	8.500	0.00%
Jan 04, 2012	8.500	8.500	8.500	8.500	0.59%
Jan 03, 2012	8.450	8.450	8.450	8.450	-0.59%
Jan 02, 2012	8.500	8.500	8.500	8.500	-1.16%
